{"stats":{"minecraft:used":{"minecraft:cooked_mutton":4,"minecraft:flint_and_steel":2,"minecraft:stone_pickaxe":146,"minecraft:stone_shovel":18,"minecraft:wooden_pickaxe":10,"minecraft:shield":7,"minecraft:cooked_chicken":3,"minecraft:torch":30,"minecraft:dirt":28,"minecraft:crafting_table":4,"minecraft:white_bed":2,"minecraft:tuff":2,"tombstone:bag_of_seeds":2,"minecraft:apple":3,"minecraft:iron_pickaxe":41,"minecraft:golden_leggings":1,"minecraft:stone_axe":123,"minecraft:bow":3,"minecraft:furnace":3,"minecraft:cooked_porkchop":5,"tombstone:gift":2,"minecraft:egg":1,"minecraft:golden_axe":20},"minecraft:dropped":{"minecraft:stripped_spruce_log":15,"minecraft:wheat_seeds":6,"minecraft:cobbled_deepslate":9,"minecraft:cooked_porkchop":3,"minecraft:pitcher_pod":4,"minecraft:obsidian":4,"minecraft:feather":3,"minecraft:rotten_flesh":13,"minecraft:leather":3,"jeg:scrap":16,"minecraft:torchflower_seeds":3,"minecraft:pumpkin_seeds":2,"minecraft:flint":2,"minecraft:diorite":2,"minecraft:cornflower":2,"tombstone:grave_key":2,"minecraft:beetroot_seeds":2,"minecraft:andesite":1,"minecraft:oak_sapling":15,"tombstone:grave_dust":12,"minecraft:golden_hoe":2,"minecraft:stone_pickaxe":1,"minecraft:wooden_pickaxe":1,"minecraft:beef":2,"minecraft:bone":14},"minecraft:crafted":{"minecraft:oak_planks":84,"minecraft:stone_shovel":1,"minecraft:cooked_porkchop":11,"minecraft:crafting_table":3,"minecraft:wooden_pickaxe":1,"minecraft:cooked_chicken":3,"minecraft:furnace":2,"minecraft:stone_axe":2,"minecraft:cooked_mutton":4,"minecraft:air":0,"minecraft:flint_and_steel":1,"minecraft:diamond_pickaxe":1,"minecraft:charcoal":9,"minecraft:stick":20,"minecraft:iron_ingot":4,"minecraft:iron_pickaxe":1,"minecraft:stone_pickaxe":2,"minecraft:white_bed":2,"minecraft:torch":16},"minecraft:custom":{"minecraft:interact_with_furnace":37,"minecraft:mob_kills":36,"minecraft:interact_with_crafting_table":16,"minecraft:leave_game":4,"minecraft:time_since_death":16917,"minecraft:sleep_in_bed":2,"minecraft:time_since_rest":15581,"minecraft:sprint_one_cm":238752,"minecraft:damage_taken":1412,"minecraft:walk_one_cm":115889,"minecraft:damage_blocked_by_shield":195,"minecraft:drop":47,"minecraft:damage_dealt":5250,"minecraft:swim_one_cm":3790,"minecraft:fly_one_cm":160879,"minecraft:open_chest":1,"minecraft:crouch_one_cm":1993,"minecraft:play_time":63655,"minecraft:sneak_time":663,"tombstone:undead_killed":22,"minecraft:deaths":2,"minecraft:walk_under_water_one_cm":1453,"minecraft:jump":922,"minecraft:walk_on_water_one_cm":25010,"minecraft:total_world_time":63655,"minecraft:fall_one_cm":16003},"minecraft:picked_up":{"minecraft:iron_chestplate":1,"minecraft:charcoal":5,"minecraft:crafting_table":3,"minecraft:feather":3,"minecraft:chicken":3,"minecraft:andesite":1,"minecraft:leather":3,"minecraft:flint":3,"minecraft:tuff":2,"minecraft:oak_log":31,"tombstone:grave_key":2,"jeg:scrap":29,"minecraft:string":2,"minecraft:shield":1,"minecraft:lapis_lazuli":44,"minecraft:dirt":34,"minecraft:cornflower":2,"minecraft:bone":19,"minecraft:apple":3,"minecraft:bow":2,"minecraft:wheat_seeds":3,"minecraft:cobbled_deepslate":28,"minecraft:beef":5,"tombstone:bag_of_seeds":1,"jeg:tech_trash":2,"minecraft:pitcher_pod":2,"minecraft:oak_planks":1,"minecraft:egg":1,"minecraft:furnace":3,"minecraft:stick":8,"minecraft:raw_iron":24,"minecraft:torch":19,"minecraft:gravel":6,"minecraft:porkchop":9,"minecraft:white_bed":1,"minecraft:stripped_spruce_log":20,"tombstone:grave_dust":11,"minecraft:diorite":2,"minecraft:arrow":10,"minecraft:rotten_flesh":13,"minecraft:diamond":6,"minecraft:golden_hoe":2,"tombstone:magic_scroll":1,"minecraft:obsidian":4,"minecraft:oak_sapling":15,"minecraft:mutton":6,"minecraft:coal":25,"minecraft:white_wool":6,"minecraft:cobblestone":87},"minecraft:killed_by":{"minecraft:skeleton":2},"minecraft:mined":{"minecraft:tuff":2,"jeg:scrap_ore":5,"minecraft:deepslate_diamond_ore":6,"minecraft:crafting_table":3,"minecraft:cornflower":1,"minecraft:torch":3,"minecraft:grass_block":6,"minecraft:tall_grass":3,"minecraft:oak_planks":3,"minecraft:diorite":2,"minecraft:wall_torch":1,"jeg:deepslate_scrap_ore":7,"minecraft:furnace":3,"minecraft:iron_ore":13,"minecraft:fire":4,"minecraft:andesite":1,"minecraft:stripped_spruce_log":6,"minecraft:deepslate_lapis_ore":5,"minecraft:grass":10,"minecraft:oak_log":31,"minecraft:coal_ore":26,"minecraft:deepslate_iron_ore":11,"minecraft:dirt":35,"minecraft:stone":89,"minecraft:oak_leaves":2,"minecraft:deepslate":21,"minecraft:fern":2},"minecraft:killed":{"mca:female_zombie_villager":1,"minecraft:cave_spider":1,"minecraft:pig":4,"minecraft:skeleton":11,"minecraft:sheep":4,"minecraft:donkey":1,"minecraft:zombie":10,"minecraft:chicken":3,"minecraft:cow":1},"minecraft:broken":{"minecraft:stone_pickaxe":1,"minecraft:stone_axe":1}},"DataVersion":3465}