{"stats":{"minecraft:mined":{"minecraft:dark_oak_planks":2,"minecraft:spruce_planks":5,"minecraft:tuff":2,"minecraft:stone_pressure_plate":1,"minecraft:white_bed":1,"minecraft:mossy_cobblestone":3,"minecraft:deepslate_diamond_ore":6,"minecraft:cobblestone_stairs":2,"minecraft:grass_block":42,"minecraft:decorated_pot":1,"minecraft:rooted_dirt":1,"minecraft:spawner":6,"minecraft:hay_block":29,"minecraft:furnace":3,"minecraft:iron_ore":37,"minecraft:fire":9,"minecraft:snow":9,"minecraft:andesite":1,"minecraft:stripped_spruce_log":14,"minecraft:deepslate_lapis_ore":7,"minecraft:dark_oak_stairs":1,"minecraft:mossy_stone_brick_stairs":1,"minecraft:dirt_path":23,"minecraft:deepslate_iron_ore":12,"minecraft:vine":17,"minecraft:small_amethyst_bud":1,"minecraft:oak_stairs":1,"minecraft:iron_bars":13,"minecraft:stone":150,"minecraft:blue_orchid":4,"minecraft:magenta_carpet":8,"jeg:scrap_ore":5,"minecraft:cornflower":27,"minecraft:crafting_table":6,"minecraft:torch":11,"minecraft:warped_roots":3,"minecraft:stone_slab":1,"minecraft:tall_grass":6,"minecraft:cobblestone":1,"minecraft:oak_planks":7,"minecraft:iron_door":1,"minecraft:wall_torch":5,"minecraft:diorite":2,"jeg:deepslate_scrap_ore":7,"minecraft:coarse_dirt":2,"minecraft:spruce_log":5,"minecraft:orange_tulip":3,"minecraft:grass":19,"minecraft:coal_ore":71,"minecraft:oak_log":170,"minecraft:cyan_carpet":16,"minecraft:gravel":5,"minecraft:dirt":93,"minecraft:cobweb":2,"minecraft:cracked_stone_bricks":1,"minecraft:acacia_planks":10,"minecraft:mossy_stone_bricks":1,"minecraft:oak_leaves":2,"minecraft:daylight_detector":1,"minecraft:deepslate":21,"minecraft:fern":3},"minecraft:dropped":{"jeg:atlantean_spear":1,"minecraft:iron_ingot":5,"minecraft:iron_sword":1,"minecraft:stripped_spruce_log":15,"minecraft:wheat_seeds":7,"minecraft:mossy_cobblestone":4,"minecraft:glass_bottle":3,"minecraft:cooked_porkchop":3,"minecraft:pitcher_pod":4,"minecraft:iron_helmet":1,"minecraft:feather":3,"minecraft:leather":3,"jeg:grenade":1,"jeg:scrap":16,"minecraft:flint":4,"minecraft:dirt":10,"minecraft:diorite":2,"minecraft:torch":41,"minecraft:cornflower":8,"tombstone:grave_key":2,"minecraft:map":2,"minecraft:snowball":52,"tombstone:grave_dust":13,"minecraft:golden_hoe":2,"minecraft:paper":42,"minecraft:string":10,"jeg:tech_trash":6,"minecraft:bone":14,"minecraft:stone_axe":1,"minecraft:iron_nugget":9,"minecraft:cobbled_deepslate":9,"minecraft:obsidian":4,"tombstone:gift":1,"minecraft:rotten_flesh":37,"minecraft:torchflower_seeds":3,"minecraft:pumpkin_seeds":2,"minecraft:chainmail_chestplate":1,"minecraft:filled_map":2,"minecraft:leather_chestplate":1,"minecraft:tipped_arrow":3,"minecraft:gunpowder":1,"minecraft:andesite":1,"minecraft:beetroot_seeds":2,"minecraft:golden_leggings":1,"minecraft:oak_sapling":15,"minecraft:golden_sword":2,"minecraft:spider_eye":1,"minecraft:bow":1,"minecraft:iron_bars":4,"minecraft:blue_orchid":2,"minecraft:stone_pickaxe":1,"minecraft:beef":2,"minecraft:wooden_pickaxe":1},"minecraft:broken":{"minecraft:stone_pickaxe":1,"minecraft:iron_axe":2,"minecraft:stone_axe":1,"minecraft:stone_shovel":1},"minecraft:custom":{"minecraft:mob_kills":126,"minecraft:interact_with_crafting_table":30,"minecraft:leave_game":11,"minecraft:time_since_death":43282,"minecraft:climb_one_cm":5371,"minecraft:sprint_one_cm":1676763,"minecraft:walk_one_cm":643951,"minecraft:damage_blocked_by_shield":2067,"minecraft:drop":109,"minecraft:play_time":309356,"minecraft:sneak_time":2602,"minecraft:deaths":3,"minecraft:walk_under_water_one_cm":8488,"minecraft:jump":4095,"minecraft:walk_on_water_one_cm":41588,"minecraft:total_world_time":309356,"minecraft:interact_with_furnace":86,"minecraft:interact_with_cartography_table":1,"minecraft:sleep_in_bed":14,"minecraft:time_since_rest":9575,"minecraft:damage_taken":4948,"minecraft:damage_absorbed":89,"minecraft:damage_dealt":20835,"tombstone:cast_on_ally":1,"minecraft:swim_one_cm":108123,"minecraft:fly_one_cm":695285,"minecraft:open_chest":244,"minecraft:crouch_one_cm":8027,"tombstone:undead_killed":70,"minecraft:fall_one_cm":53411},"minecraft:crafted":{"minecraft:oak_planks":108,"minecraft:stone_shovel":1,"minecraft:cooked_chicken":3,"minecraft:furnace":2,"minecraft:cobblestone_stairs":68,"mca:bouquet":4,"minecraft:cooked_mutton":27,"minecraft:flint_and_steel":1,"minecraft:bow":1,"minecraft:iron_axe":1,"minecraft:stone_pickaxe":2,"minecraft:chest":3,"minecraft:cooked_beef":3,"minecraft:cooked_porkchop":19,"minecraft:diamond_axe":1,"minecraft:crafting_table":5,"minecraft:spruce_planks":20,"minecraft:wooden_pickaxe":1,"minecraft:stone_axe":2,"minecraft:air":0,"minecraft:diamond_pickaxe":1,"minecraft:charcoal":9,"minecraft:stick":20,"minecraft:iron_ingot":16,"minecraft:iron_pickaxe":1,"minecraft:white_bed":2,"minecraft:torch":88},"minecraft:picked_up":{"minecraft:charcoal":5,"minecraft:iron_chestplate":2,"minecraft:shelter_pottery_sherd":1,"minecraft:crafting_table":7,"minecraft:chicken":3,"minecraft:leather_leggings":1,"minecraft:lead":2,"minecraft:magenta_carpet":8,"minecraft:oak_stairs":2,"minecraft:potion":1,"minecraft:enchanted_book":1,"tombstone:grave_key":2,"minecraft:brick":3,"minecraft:shield":4,"minecraft:golden_sword":2,"minecraft:cornflower":32,"minecraft:string":12,"minecraft:iron_axe":1,"minecraft:iron_leggings":1,"minecraft:iron_shovel":1,"minecraft:cyan_carpet":1,"minecraft:blue_orchid":5,"minecraft:cracked_stone_bricks":1,"minecraft:cobbled_deepslate":28,"minecraft:spruce_planks":5,"minecraft:beef":23,"minecraft:iron_pickaxe":1,"minecraft:light_gray_wool":3,"minecraft:furnace":3,"minecraft:iron_boots":1,"minecraft:egg":1,"minecraft:tipped_arrow":8,"minecraft:raw_iron":50,"minecraft:stick":41,"minecraft:torch":94,"minecraft:acacia_log":14,"minecraft:porkchop":33,"tombstone:grave_dust":19,"minecraft:diorite":2,"minecraft:golden_chestplate":2,"minecraft:stone_pressure_plate":1,"minecraft:dark_oak_planks":2,"minecraft:arrow":40,"minecraft:rotten_flesh":53,"minecraft:golden_hoe":2,"minecraft:hay_block":20,"minecraft:obsidian":4,"minecraft:mutton":33,"minecraft:iron_bars":8,"minecraft:snowball":62,"minecraft:white_wool":17,"minecraft:cobblestone":150,"minecraft:leather_chestplate":2,"minecraft:feather":3,"minecraft:andesite":1,"minecraft:leather":19,"minecraft:potato":1,"minecraft:flint":5,"minecraft:tuff":2,"minecraft:oak_log":165,"minecraft:chainmail_chestplate":1,"jeg:scrap":29,"minecraft:gunpowder":3,"minecraft:cobblestone_stairs":2,"minecraft:map":1,"minecraft:lapis_lazuli":62,"minecraft:dirt":174,"minecraft:paper":21,"tombstone:gift":1,"jeg:grenade":2,"minecraft:leather_boots":1,"minecraft:bone":42,"minecraft:acacia_planks":9,"minecraft:apple":11,"minecraft:bow":4,"minecraft:wheat_seeds":6,"minecraft:orange_tulip":3,"tombstone:bag_of_seeds":2,"minecraft:glass_bottle":1,"minecraft:pitcher_pod":2,"minecraft:iron_sword":1,"minecraft:acacia_sapling":3,"minecraft:oak_planks":11,"jeg:tech_trash":6,"minecraft:mossy_stone_brick_stairs":1,"minecraft:dark_oak_stairs":1,"minecraft:daylight_detector":1,"minecraft:gravel":13,"minecraft:stripped_spruce_log":28,"minecraft:grass_block":1,"minecraft:white_bed":2,"minecraft:spruce_log":5,"minecraft:spider_eye":3,"minecraft:mossy_cobblestone":4,"minecraft:bundle":1,"minecraft:diamond":6,"minecraft:stone_axe":2,"minecraft:iron_helmet":4,"minecraft:diamond_axe":1,"minecraft:warped_roots":2,"minecraft:bread":25,"tombstone:magic_scroll":1,"minecraft:oak_sapling":79,"minecraft:coal":74},"minecraft:killed":{"mca:female_zombie_villager":1,"minecraft:cave_spider":3,"minecraft:spider":4,"minecraft:skeleton":22,"minecraft:chicken":3,"minecraft:pig":15,"minecraft:creeper":4,"minecraft:sheep":11,"minecraft:zombie":38,"minecraft:donkey":1,"minecraft:stray":5,"minecraft:wither_skeleton":4,"minecraft:enderman":1,"minecraft:cow":11},"minecraft:killed_by":{"minecraft:player":1,"minecraft:skeleton":2},"minecraft:used":{"minecraft:iron_bars":2,"minecraft:iron_shovel":1,"minecraft:flint_and_steel":12,"minecraft:stone_shovel":131,"minecraft:chest":2,"minecraft:spruce_planks":8,"minecraft:shield":65,"minecraft:iron_sword":20,"tombstone:scroll_of_purification":1,"minecraft:cooked_chicken":3,"minecraft:torch":174,"minecraft:dirt":81,"minecraft:tuff":2,"jeg:grenade":1,"minecraft:snowball":10,"minecraft:dark_oak_planks":2,"minecraft:iron_axe":364,"minecraft:bow":13,"minecraft:furnace":5,"tombstone:gift":5,"minecraft:egg":1,"minecraft:cooked_beef":8,"minecraft:cobbled_deepslate":19,"minecraft:acacia_planks":1,"minecraft:golden_axe":20,"minecraft:cooked_mutton":15,"minecraft:dark_oak_stairs":1,"minecraft:cobblestone_stairs":55,"minecraft:stone_pickaxe":146,"minecraft:oak_planks":19,"minecraft:ender_pearl":1,"minecraft:wooden_pickaxe":10,"minecraft:diamond_axe":76,"minecraft:golden_apple":3,"minecraft:golden_hoe":28,"minecraft:crafting_table":10,"minecraft:white_bed":4,"minecraft:magenta_carpet":8,"tombstone:bag_of_seeds":2,"minecraft:cornflower":1,"minecraft:diamond_pickaxe":34,"minecraft:apple":24,"minecraft:bread":34,"minecraft:iron_pickaxe":193,"minecraft:map":2,"tombstone:magic_scroll":1,"minecraft:golden_leggings":1,"minecraft:stone_axe":128,"minecraft:potion":2,"minecraft:diamond_sword":100,"minecraft:cobblestone":17,"minecraft:cooked_porkchop":16}},"DataVersion":3465}