{"stats":{"minecraft:used":{"minecraft:apple":3,"minecraft:stone_pickaxe":48,"minecraft:wooden_pickaxe":9,"minecraft:stone_axe":61,"minecraft:crafting_table":1},"minecraft:dropped":{"minecraft:leather":1,"minecraft:beef":2},"minecraft:crafted":{"minecraft:oak_planks":20,"minecraft:crafting_table":1,"minecraft:stick":20,"minecraft:wooden_pickaxe":1,"minecraft:stone_pickaxe":1,"minecraft:furnace":1,"minecraft:stone_axe":1},"minecraft:custom":{"minecraft:time_since_rest":16353,"minecraft:sprint_one_cm":67047,"minecraft:damage_taken":97,"minecraft:walk_one_cm":36226,"minecraft:mob_kills":17,"minecraft:drop":2,"minecraft:damage_dealt":1662,"minecraft:interact_with_crafting_table":3,"minecraft:fly_one_cm":56181,"minecraft:crouch_one_cm":248,"minecraft:play_time":16353,"tombstone:undead_killed":4,"minecraft:sneak_time":105,"minecraft:jump":290,"minecraft:leave_game":3,"minecraft:walk_on_water_one_cm":233,"minecraft:time_since_death":16353,"minecraft:total_world_time":16353,"minecraft:fall_one_cm":4925},"minecraft:picked_up":{"minecraft:stick":8,"minecraft:feather":3,"minecraft:chicken":3,"minecraft:leather":3,"minecraft:porkchop":9,"minecraft:oak_log":31,"tombstone:grave_dust":1,"minecraft:dirt":18,"minecraft:arrow":2,"minecraft:bone":3,"minecraft:rotten_flesh":1,"minecraft:apple":3,"minecraft:bow":1,"minecraft:wheat_seeds":1,"minecraft:beef":5,"minecraft:oak_sapling":15,"minecraft:mutton":6,"minecraft:coal":4,"minecraft:white_wool":4,"minecraft:cobblestone":49,"minecraft:egg":1},"minecraft:mined":{"minecraft:grass":6,"minecraft:coal_ore":5,"minecraft:grass_block":5,"minecraft:oak_log":31,"minecraft:dirt":17,"minecraft:stone":50,"minecraft:oak_leaves":2},"minecraft:killed":{"minecraft:sheep":4,"minecraft:skeleton":3,"minecraft:donkey":1,"minecraft:zombie":1,"minecraft:pig":4,"minecraft:chicken":3,"minecraft:cow":1}},"DataVersion":3465}