{"stats":{"minecraft:custom":{"minecraft:mob_kills":39,"minecraft:interact_with_crafting_table":16,"minecraft:leave_game":5,"minecraft:time_since_death":37650,"minecraft:sprint_one_cm":335061,"minecraft:walk_one_cm":147752,"minecraft:damage_blocked_by_shield":195,"minecraft:drop":68,"minecraft:play_time":84388,"minecraft:deaths":2,"minecraft:sneak_time":754,"minecraft:walk_under_water_one_cm":2016,"minecraft:jump":1277,"minecraft:walk_on_water_one_cm":30001,"minecraft:total_world_time":84388,"minecraft:interact_with_furnace":47,"minecraft:sleep_in_bed":3,"minecraft:time_since_rest":1210,"minecraft:damage_taken":1476,"minecraft:damage_dealt":5810,"minecraft:swim_one_cm":15712,"minecraft:fly_one_cm":209848,"minecraft:open_chest":2,"minecraft:crouch_one_cm":2124,"tombstone:undead_killed":24,"minecraft:fall_one_cm":18064},"minecraft:mined":{"minecraft:tuff":2,"minecraft:white_bed":1,"minecraft:mossy_cobblestone":2,"minecraft:deepslate_diamond_ore":6,"minecraft:grass_block":6,"minecraft:hay_block":29,"minecraft:furnace":3,"minecraft:iron_ore":18,"minecraft:fire":8,"minecraft:snow":9,"minecraft:andesite":1,"minecraft:stripped_spruce_log":13,"minecraft:deepslate_lapis_ore":7,"minecraft:deepslate_iron_ore":12,"minecraft:small_amethyst_bud":1,"minecraft:stone":137,"jeg:scrap_ore":5,"minecraft:crafting_table":3,"minecraft:cornflower":1,"minecraft:torch":5,"minecraft:tall_grass":4,"minecraft:cobblestone":1,"minecraft:oak_planks":3,"minecraft:diorite":2,"minecraft:wall_torch":1,"jeg:deepslate_scrap_ore":7,"minecraft:spruce_log":5,"minecraft:grass":16,"minecraft:oak_log":31,"minecraft:coal_ore":40,"minecraft:gravel":3,"minecraft:dirt":39,"minecraft:oak_leaves":2,"minecraft:deepslate":21,"minecraft:fern":2},"minecraft:killed_by":{"minecraft:skeleton":2},"minecraft:broken":{"minecraft:stone_pickaxe":1,"minecraft:stone_axe":1},"minecraft:picked_up":{"minecraft:charcoal":5,"minecraft:crafting_table":3,"minecraft:iron_chestplate":1,"minecraft:chicken":3,"tombstone:grave_key":2,"minecraft:shield":1,"minecraft:cornflower":2,"minecraft:string":8,"minecraft:iron_axe":1,"minecraft:cobbled_deepslate":28,"minecraft:beef":5,"minecraft:furnace":3,"minecraft:iron_boots":1,"minecraft:egg":1,"minecraft:stick":9,"minecraft:raw_iron":31,"minecraft:torch":21,"minecraft:acacia_log":14,"minecraft:porkchop":9,"tombstone:grave_dust":11,"minecraft:diorite":2,"minecraft:arrow":10,"minecraft:rotten_flesh":25,"minecraft:golden_hoe":2,"minecraft:hay_block":20,"minecraft:obsidian":4,"minecraft:mutton":6,"minecraft:snowball":62,"minecraft:white_wool":6,"minecraft:cobblestone":148,"minecraft:feather":3,"minecraft:andesite":1,"minecraft:leather":3,"minecraft:flint":3,"minecraft:tuff":2,"minecraft:oak_log":31,"jeg:scrap":29,"minecraft:lapis_lazuli":62,"minecraft:dirt":46,"minecraft:bone":19,"minecraft:apple":3,"minecraft:bow":2,"minecraft:wheat_seeds":3,"tombstone:bag_of_seeds":1,"jeg:tech_trash":6,"minecraft:acacia_sapling":3,"minecraft:pitcher_pod":2,"minecraft:oak_planks":1,"minecraft:gravel":11,"minecraft:stripped_spruce_log":27,"minecraft:white_bed":2,"minecraft:spruce_log":5,"minecraft:mossy_cobblestone":4,"minecraft:diamond":6,"minecraft:stone_axe":1,"minecraft:iron_helmet":1,"tombstone:magic_scroll":1,"minecraft:oak_sapling":15,"minecraft:coal":39},"minecraft:killed":{"mca:female_zombie_villager":1,"minecraft:cave_spider":1,"minecraft:spider":1,"minecraft:skeleton":11,"minecraft:chicken":3,"minecraft:pig":4,"minecraft:sheep":4,"minecraft:zombie":12,"minecraft:donkey":1,"minecraft:cow":1},"minecraft:crafted":{"minecraft:oak_planks":84,"minecraft:stone_shovel":1,"minecraft:cooked_chicken":3,"minecraft:furnace":2,"minecraft:cooked_mutton":4,"minecraft:flint_and_steel":1,"minecraft:stone_pickaxe":2,"minecraft:cooked_porkchop":11,"minecraft:crafting_table":3,"minecraft:spruce_planks":20,"minecraft:wooden_pickaxe":1,"minecraft:stone_axe":2,"minecraft:air":0,"minecraft:charcoal":9,"minecraft:diamond_pickaxe":1,"minecraft:stick":20,"minecraft:iron_ingot":6,"minecraft:iron_pickaxe":1,"minecraft:white_bed":2,"minecraft:torch":16},"minecraft:dropped":{"minecraft:stripped_spruce_log":15,"minecraft:wheat_seeds":6,"minecraft:mossy_cobblestone":4,"minecraft:cooked_porkchop":3,"minecraft:pitcher_pod":4,"minecraft:feather":3,"minecraft:leather":3,"jeg:scrap":16,"minecraft:flint":2,"minecraft:dirt":10,"minecraft:diorite":2,"minecraft:cornflower":2,"tombstone:grave_key":2,"minecraft:snowball":52,"tombstone:grave_dust":12,"minecraft:golden_hoe":2,"minecraft:string":8,"jeg:tech_trash":6,"minecraft:bone":14,"minecraft:stone_axe":1,"minecraft:cobbled_deepslate":9,"minecraft:obsidian":4,"minecraft:rotten_flesh":23,"minecraft:torchflower_seeds":3,"minecraft:pumpkin_seeds":2,"minecraft:andesite":1,"minecraft:beetroot_seeds":2,"minecraft:oak_sapling":15,"minecraft:wooden_pickaxe":1,"minecraft:stone_pickaxe":1,"minecraft:beef":2},"minecraft:used":{"minecraft:flint_and_steel":6,"minecraft:stone_shovel":29,"minecraft:shield":7,"minecraft:cooked_chicken":3,"minecraft:torch":36,"minecraft:dirt":36,"minecraft:tuff":2,"minecraft:snowball":10,"minecraft:iron_axe":16,"minecraft:bow":3,"minecraft:furnace":3,"tombstone:gift":2,"minecraft:egg":1,"minecraft:cobbled_deepslate":19,"minecraft:golden_axe":20,"minecraft:cooked_mutton":4,"minecraft:stone_pickaxe":146,"minecraft:wooden_pickaxe":10,"minecraft:golden_hoe":28,"minecraft:crafting_table":4,"minecraft:white_bed":4,"tombstone:bag_of_seeds":2,"minecraft:diamond_pickaxe":3,"minecraft:apple":3,"minecraft:iron_pickaxe":117,"minecraft:golden_leggings":1,"minecraft:stone_axe":128,"minecraft:cobblestone":16,"minecraft:cooked_porkchop":8}},"DataVersion":3465}