{"stats":{"minecraft:used":{"minecraft:cooked_mutton":1,"minecraft:stone_shovel":18,"minecraft:stone_pickaxe":108,"minecraft:shield":1,"minecraft:wooden_pickaxe":10,"minecraft:cooked_chicken":1,"minecraft:torch":6,"minecraft:dirt":18,"minecraft:crafting_table":2,"minecraft:white_bed":2,"minecraft:apple":3,"minecraft:stone_axe":74,"minecraft:bow":2,"minecraft:furnace":2,"minecraft:cooked_porkchop":2,"minecraft:egg":1},"minecraft:dropped":{"minecraft:cooked_porkchop":3,"minecraft:leather":1,"tombstone:grave_dust":1,"minecraft:beef":2,"minecraft:wooden_pickaxe":1},"minecraft:crafted":{"minecraft:oak_planks":40,"minecraft:stone_shovel":1,"minecraft:cooked_porkchop":11,"minecraft:crafting_table":2,"minecraft:wooden_pickaxe":1,"minecraft:cooked_chicken":3,"minecraft:furnace":2,"minecraft:stone_axe":1,"minecraft:cooked_mutton":4,"minecraft:air":0,"minecraft:charcoal":9,"minecraft:stick":20,"minecraft:stone_pickaxe":1,"minecraft:white_bed":2,"minecraft:torch":4},"minecraft:custom":{"minecraft:interact_with_furnace":29,"minecraft:mob_kills":21,"minecraft:interact_with_crafting_table":9,"minecraft:leave_game":3,"minecraft:time_since_death":28353,"minecraft:sleep_in_bed":2,"minecraft:time_since_rest":6806,"minecraft:sprint_one_cm":86928,"minecraft:damage_taken":347,"minecraft:walk_one_cm":60332,"minecraft:damage_blocked_by_shield":30,"minecraft:drop":7,"minecraft:damage_dealt":2392,"minecraft:swim_one_cm":2340,"minecraft:fly_one_cm":64735,"minecraft:crouch_one_cm":987,"minecraft:play_time":28353,"tombstone:undead_killed":8,"minecraft:sneak_time":395,"minecraft:walk_under_water_one_cm":882,"minecraft:jump":363,"minecraft:walk_on_water_one_cm":7079,"minecraft:total_world_time":28353,"minecraft:fall_one_cm":6353},"minecraft:picked_up":{"minecraft:charcoal":5,"minecraft:crafting_table":1,"minecraft:feather":3,"minecraft:chicken":3,"minecraft:andesite":1,"minecraft:leather":3,"minecraft:oak_log":31,"jeg:scrap":6,"minecraft:shield":1,"minecraft:dirt":34,"minecraft:bone":7,"minecraft:apple":3,"minecraft:bow":1,"minecraft:wheat_seeds":1,"minecraft:beef":5,"minecraft:egg":1,"minecraft:furnace":2,"minecraft:raw_iron":8,"minecraft:stick":8,"minecraft:torch":13,"minecraft:porkchop":9,"tombstone:grave_dust":3,"minecraft:arrow":3,"minecraft:rotten_flesh":1,"minecraft:oak_sapling":15,"minecraft:mutton":6,"minecraft:coal":17,"minecraft:white_wool":6,"minecraft:cobblestone":80},"minecraft:mined":{"jeg:scrap_ore":4,"minecraft:crafting_table":1,"minecraft:torch":1,"minecraft:grass_block":6,"minecraft:furnace":2,"minecraft:iron_ore":8,"minecraft:andesite":1,"minecraft:grass":6,"minecraft:oak_log":31,"minecraft:coal_ore":18,"minecraft:dirt":35,"minecraft:stone":82,"minecraft:oak_leaves":2},"minecraft:killed":{"minecraft:pig":4,"minecraft:sheep":4,"minecraft:skeleton":6,"minecraft:donkey":1,"minecraft:zombie":2,"minecraft:chicken":3,"minecraft:cow":1}},"DataVersion":3465}