{"stats":{"minecraft:killed_by":{"minecraft:skeleton":2},"minecraft:custom":{"minecraft:mob_kills":64,"minecraft:interact_with_crafting_table":19,"minecraft:leave_game":6,"minecraft:time_since_death":142082,"minecraft:climb_one_cm":662,"minecraft:sprint_one_cm":1034830,"minecraft:walk_one_cm":416018,"minecraft:damage_blocked_by_shield":365,"minecraft:drop":76,"minecraft:play_time":188820,"minecraft:deaths":2,"minecraft:sneak_time":1927,"minecraft:walk_under_water_one_cm":4704,"minecraft:jump":2843,"minecraft:walk_on_water_one_cm":34900,"minecraft:total_world_time":188820,"minecraft:interact_with_furnace":70,"minecraft:interact_with_cartography_table":1,"minecraft:sleep_in_bed":8,"minecraft:time_since_rest":15379,"minecraft:damage_taken":1811,"minecraft:damage_dealt":9412,"minecraft:swim_one_cm":47944,"minecraft:fly_one_cm":494515,"minecraft:open_chest":64,"minecraft:crouch_one_cm":6028,"tombstone:undead_killed":36,"minecraft:fall_one_cm":36759},"minecraft:dropped":{"minecraft:stripped_spruce_log":15,"minecraft:wheat_seeds":7,"minecraft:mossy_cobblestone":4,"minecraft:cooked_porkchop":3,"minecraft:pitcher_pod":4,"minecraft:feather":3,"minecraft:leather":3,"jeg:scrap":16,"minecraft:flint":4,"minecraft:dirt":10,"minecraft:diorite":2,"minecraft:cornflower":8,"tombstone:grave_key":2,"minecraft:snowball":52,"tombstone:grave_dust":12,"minecraft:golden_hoe":2,"minecraft:string":8,"jeg:tech_trash":6,"minecraft:bone":14,"minecraft:stone_axe":1,"minecraft:iron_nugget":9,"minecraft:cobbled_deepslate":9,"minecraft:obsidian":4,"minecraft:rotten_flesh":35,"minecraft:torchflower_seeds":3,"minecraft:pumpkin_seeds":2,"minecraft:andesite":1,"minecraft:beetroot_seeds":2,"minecraft:oak_sapling":15,"minecraft:blue_orchid":2,"minecraft:wooden_pickaxe":1,"minecraft:stone_pickaxe":1,"minecraft:beef":2},"minecraft:broken":{"minecraft:stone_pickaxe":1,"minecraft:iron_axe":1,"minecraft:stone_axe":1,"minecraft:stone_shovel":1},"minecraft:mined":{"minecraft:dark_oak_planks":2,"minecraft:tuff":2,"minecraft:spruce_planks":1,"minecraft:white_bed":1,"minecraft:mossy_cobblestone":2,"minecraft:deepslate_diamond_ore":6,"minecraft:cobblestone_stairs":2,"minecraft:grass_block":42,"minecraft:decorated_pot":1,"minecraft:rooted_dirt":1,"minecraft:hay_block":29,"minecraft:furnace":3,"minecraft:iron_ore":37,"minecraft:fire":8,"minecraft:snow":9,"minecraft:andesite":1,"minecraft:stripped_spruce_log":14,"minecraft:deepslate_lapis_ore":7,"minecraft:dark_oak_stairs":1,"minecraft:dirt_path":23,"minecraft:deepslate_iron_ore":12,"minecraft:small_amethyst_bud":1,"minecraft:blue_orchid":1,"minecraft:stone":150,"jeg:scrap_ore":5,"minecraft:crafting_table":3,"minecraft:cornflower":2,"minecraft:torch":6,"minecraft:stone_slab":1,"minecraft:tall_grass":4,"minecraft:cobblestone":1,"minecraft:oak_planks":3,"minecraft:diorite":2,"minecraft:wall_torch":3,"jeg:deepslate_scrap_ore":7,"minecraft:coarse_dirt":2,"minecraft:spruce_log":5,"minecraft:grass":18,"minecraft:oak_log":170,"minecraft:coal_ore":67,"minecraft:gravel":3,"minecraft:dirt":93,"minecraft:oak_leaves":2,"minecraft:deepslate":21,"minecraft:fern":2},"minecraft:used":{"minecraft:flint_and_steel":11,"minecraft:stone_shovel":131,"minecraft:spruce_planks":1,"minecraft:chest":2,"minecraft:shield":14,"minecraft:cooked_chicken":3,"minecraft:torch":39,"minecraft:dirt":81,"minecraft:tuff":2,"minecraft:snowball":10,"minecraft:dark_oak_planks":2,"minecraft:iron_axe":219,"minecraft:bow":3,"minecraft:furnace":5,"tombstone:gift":2,"minecraft:egg":1,"minecraft:cooked_beef":3,"minecraft:cobbled_deepslate":19,"minecraft:golden_axe":20,"minecraft:cooked_mutton":4,"minecraft:dark_oak_stairs":1,"minecraft:cobblestone_stairs":55,"minecraft:stone_pickaxe":146,"minecraft:wooden_pickaxe":10,"minecraft:golden_hoe":28,"minecraft:crafting_table":4,"minecraft:white_bed":4,"tombstone:bag_of_seeds":2,"minecraft:diamond_pickaxe":3,"minecraft:cornflower":1,"minecraft:apple":21,"minecraft:iron_pickaxe":180,"minecraft:golden_leggings":1,"minecraft:stone_axe":128,"minecraft:cobblestone":17,"minecraft:cooked_porkchop":16},"minecraft:killed":{"mca:female_zombie_villager":1,"minecraft:cave_spider":1,"minecraft:spider":1,"minecraft:skeleton":14,"minecraft:chicken":3,"minecraft:pig":8,"minecraft:creeper":1,"minecraft:sheep":9,"minecraft:zombie":21,"minecraft:donkey":1,"minecraft:cow":3},"minecraft:picked_up":{"minecraft:shelter_pottery_sherd":1,"minecraft:charcoal":5,"minecraft:crafting_table":3,"minecraft:iron_chestplate":1,"minecraft:chicken":3,"tombstone:grave_key":2,"minecraft:brick":3,"minecraft:shield":1,"minecraft:cornflower":9,"minecraft:string":8,"minecraft:iron_axe":1,"minecraft:blue_orchid":2,"minecraft:cobbled_deepslate":28,"minecraft:spruce_planks":1,"minecraft:beef":8,"minecraft:light_gray_wool":3,"minecraft:furnace":3,"minecraft:iron_boots":1,"minecraft:egg":1,"minecraft:stick":41,"minecraft:raw_iron":50,"minecraft:torch":24,"minecraft:acacia_log":14,"minecraft:porkchop":17,"tombstone:grave_dust":11,"minecraft:diorite":2,"minecraft:dark_oak_planks":2,"minecraft:arrow":14,"minecraft:rotten_flesh":37,"minecraft:golden_hoe":2,"minecraft:hay_block":20,"minecraft:obsidian":4,"minecraft:mutton":29,"minecraft:snowball":62,"minecraft:white_wool":15,"minecraft:cobblestone":150,"minecraft:feather":3,"minecraft:andesite":1,"minecraft:leather":5,"minecraft:flint":5,"minecraft:tuff":2,"minecraft:oak_log":165,"jeg:scrap":29,"minecraft:cobblestone_stairs":2,"minecraft:lapis_lazuli":62,"minecraft:dirt":157,"minecraft:bone":21,"minecraft:apple":11,"minecraft:bow":2,"minecraft:wheat_seeds":4,"tombstone:bag_of_seeds":1,"jeg:tech_trash":6,"minecraft:acacia_sapling":3,"minecraft:pitcher_pod":2,"minecraft:oak_planks":1,"minecraft:dark_oak_stairs":1,"minecraft:gravel":11,"minecraft:stripped_spruce_log":28,"minecraft:white_bed":2,"minecraft:spruce_log":5,"minecraft:mossy_cobblestone":4,"minecraft:diamond":6,"minecraft:stone_axe":1,"minecraft:iron_helmet":1,"tombstone:magic_scroll":1,"minecraft:oak_sapling":79,"minecraft:coal":66},"minecraft:crafted":{"minecraft:oak_planks":108,"minecraft:stone_shovel":1,"minecraft:cooked_chicken":3,"minecraft:furnace":2,"minecraft:cobblestone_stairs":68,"minecraft:cooked_mutton":11,"minecraft:flint_and_steel":1,"minecraft:bow":1,"minecraft:stone_pickaxe":2,"minecraft:chest":2,"minecraft:cooked_beef":3,"minecraft:cooked_porkchop":19,"minecraft:crafting_table":3,"minecraft:spruce_planks":20,"minecraft:wooden_pickaxe":1,"minecraft:stone_axe":2,"minecraft:air":0,"minecraft:charcoal":9,"minecraft:diamond_pickaxe":1,"minecraft:stick":20,"minecraft:iron_ingot":6,"minecraft:iron_pickaxe":1,"minecraft:white_bed":2,"minecraft:torch":16}},"DataVersion":3465}