{"stats":{"minecraft:dropped":{"minecraft:leather":1,"minecraft:beef":2},"minecraft:custom":{"minecraft:time_since_rest":4353,"minecraft:crouch_one_cm":97,"minecraft:sprint_one_cm":7119,"minecraft:play_time":4353,"minecraft:damage_taken":37,"minecraft:walk_one_cm":6082,"minecraft:sneak_time":51,"minecraft:mob_kills":1,"minecraft:drop":2,"minecraft:jump":34,"minecraft:damage_dealt":44,"minecraft:leave_game":3,"minecraft:time_since_death":4353,"minecraft:total_world_time":4353,"minecraft:fall_one_cm":209,"minecraft:fly_one_cm":7157},"minecraft:picked_up":{"minecraft:leather":1,"minecraft:beef":2,"minecraft:oak_log":4,"minecraft:oak_sapling":2},"minecraft:mined":{"minecraft:grass":2,"minecraft:oak_log":4,"minecraft:oak_leaves":2},"minecraft:killed":{"minecraft:cow":1}},"DataVersion":3465}