{"stats":{"minecraft:used":{"minecraft:cooked_mutton":3,"minecraft:stone_shovel":18,"minecraft:stone_pickaxe":143,"minecraft:shield":3,"minecraft:wooden_pickaxe":10,"minecraft:cooked_chicken":2,"minecraft:torch":10,"minecraft:dirt":19,"minecraft:crafting_table":3,"minecraft:white_bed":2,"minecraft:apple":3,"minecraft:stone_axe":88,"minecraft:bow":2,"minecraft:furnace":3,"minecraft:cooked_porkchop":2,"tombstone:gift":1,"minecraft:egg":1},"minecraft:dropped":{"minecraft:cooked_porkchop":3,"minecraft:leather":1,"jeg:scrap":3,"tombstone:grave_dust":1,"minecraft:beef":2,"minecraft:wooden_pickaxe":1},"minecraft:crafted":{"minecraft:oak_planks":40,"minecraft:stone_shovel":1,"minecraft:cooked_porkchop":11,"minecraft:crafting_table":3,"minecraft:wooden_pickaxe":1,"minecraft:cooked_chicken":3,"minecraft:furnace":2,"minecraft:stone_axe":1,"minecraft:cooked_mutton":4,"minecraft:air":0,"minecraft:charcoal":9,"minecraft:stick":20,"minecraft:stone_pickaxe":2,"minecraft:white_bed":2,"minecraft:torch":4},"minecraft:custom":{"minecraft:interact_with_furnace":32,"minecraft:mob_kills":26,"minecraft:interact_with_crafting_table":10,"minecraft:leave_game":3,"minecraft:time_since_death":40353,"minecraft:sleep_in_bed":2,"minecraft:time_since_rest":18806,"minecraft:sprint_one_cm":108475,"minecraft:damage_taken":522,"minecraft:walk_one_cm":81507,"minecraft:damage_blocked_by_shield":80,"minecraft:drop":10,"minecraft:damage_dealt":3357,"minecraft:swim_one_cm":2340,"minecraft:fly_one_cm":74384,"minecraft:crouch_one_cm":987,"minecraft:play_time":40353,"tombstone:undead_killed":13,"minecraft:sneak_time":395,"minecraft:walk_under_water_one_cm":882,"minecraft:jump":467,"minecraft:walk_on_water_one_cm":10867,"minecraft:total_world_time":40353,"minecraft:fall_one_cm":8296},"minecraft:picked_up":{"minecraft:charcoal":5,"minecraft:crafting_table":2,"minecraft:feather":3,"minecraft:chicken":3,"minecraft:andesite":1,"minecraft:leather":3,"minecraft:oak_log":31,"jeg:scrap":19,"minecraft:shield":1,"minecraft:dirt":34,"minecraft:bone":7,"minecraft:apple":3,"minecraft:bow":1,"minecraft:wheat_seeds":1,"minecraft:cobbled_deepslate":9,"minecraft:beef":5,"tombstone:bag_of_seeds":1,"minecraft:egg":1,"minecraft:furnace":2,"minecraft:raw_iron":15,"minecraft:stick":8,"minecraft:torch":15,"minecraft:porkchop":9,"tombstone:grave_dust":3,"minecraft:diorite":2,"minecraft:arrow":3,"minecraft:rotten_flesh":6,"minecraft:oak_sapling":15,"minecraft:mutton":6,"minecraft:coal":25,"minecraft:white_wool":6,"minecraft:cobblestone":87},"minecraft:mined":{"jeg:scrap_ore":5,"minecraft:crafting_table":2,"minecraft:torch":2,"minecraft:grass_block":6,"minecraft:diorite":2,"minecraft:wall_torch":1,"jeg:deepslate_scrap_ore":1,"minecraft:furnace":2,"minecraft:iron_ore":13,"minecraft:andesite":1,"minecraft:grass":6,"minecraft:oak_log":31,"minecraft:coal_ore":26,"minecraft:deepslate_iron_ore":2,"minecraft:dirt":35,"minecraft:stone":89,"minecraft:deepslate":9,"minecraft:oak_leaves":2},"minecraft:killed":{"mca:female_zombie_villager":1,"minecraft:pig":4,"minecraft:sheep":4,"minecraft:skeleton":6,"minecraft:donkey":1,"minecraft:zombie":6,"minecraft:chicken":3,"minecraft:cow":1},"minecraft:broken":{"minecraft:stone_pickaxe":1}},"DataVersion":3465}