{"stats":{"minecraft:picked_up":{"minecraft:iron_chestplate":2,"minecraft:diamond_sword":3,"minecraft:magenta_carpet":8,"minecraft:lead":2,"minecraft:oak_stairs":2,"minecraft:potion":1,"minecraft:enchanted_book":1,"tombstone:grave_key":2,"minecraft:golden_sword":2,"minecraft:amethyst_block":9,"minecraft:string":114,"minecraft:iron_leggings":2,"minecraft:sea_pickle":4,"minecraft:cobbled_deepslate":352,"minecraft:spruce_planks":5,"minecraft:acacia_fence_gate":1,"minecraft:iron_pickaxe":1,"minecraft:melon_slice":6,"minecraft:furnace":3,"minecraft:iron_boots":1,"minecraft:tipped_arrow":8,"minecraft:stick":41,"minecraft:brown_terracotta":24,"minecraft:oak_fence":7,"minecraft:torch":108,"minecraft:acacia_log":14,"minecraft:porkchop":33,"minecraft:pointed_dripstone":2,"tombstone:grave_dust":20,"minecraft:diorite":2,"minecraft:golden_chestplate":2,"minecraft:rotten_flesh":65,"minecraft:mangrove_roots":5,"minecraft:white_terracotta":4,"minecraft:obsidian":4,"minecraft:iron_bars":8,"minecraft:snowball":62,"minecraft:cobblestone":241,"minecraft:pink_petals":4,"minecraft:leather_chestplate":2,"minecraft:feather":3,"minecraft:cooked_beef":12,"minecraft:andesite":18,"minecraft:jungle_log":19,"minecraft:smoker":1,"minecraft:potato":1,"minecraft:flint":6,"minecraft:tuff":10,"jeg:scrap":38,"minecraft:lapis_lazuli":169,"minecraft:map":1,"minecraft:lantern":1,"minecraft:dirt":186,"minecraft:leather_boots":1,"minecraft:bone":58,"minecraft:acacia_planks":9,"minecraft:bow":4,"minecraft:orange_tulip":3,"minecraft:wheat_seeds":6,"minecraft:raw_gold":99,"minecraft:bamboo":41,"minecraft:moss_block":10,"minecraft:pitcher_pod":2,"minecraft:oak_planks":21,"minecraft:mossy_stone_brick_stairs":1,"minecraft:sand":5,"minecraft:stripped_spruce_log":28,"minecraft:ink_sac":16,"minecraft:grass_block":1,"minecraft:jungle_slab":1,"minecraft:mossy_cobblestone":4,"minecraft:bundle":1,"minecraft:light_gray_terracotta":1,"minecraft:sugar":3,"minecraft:diamond":66,"minecraft:writable_book":1,"minecraft:bread":25,"minecraft:rooted_dirt":2,"minecraft:oak_sapling":79,"minecraft:netherrack":3,"minecraft:charcoal":5,"minecraft:coarse_dirt":2,"minecraft:mud":32,"minecraft:shelter_pottery_sherd":1,"minecraft:crafting_table":9,"minecraft:chicken":3,"minecraft:leather_leggings":1,"minecraft:brown_mushroom":2,"minecraft:gold_block":2,"minecraft:brick":3,"minecraft:shield":4,"minecraft:cornflower":34,"minecraft:moss_carpet":7,"minecraft:iron_axe":2,"minecraft:iron_shovel":2,"minecraft:cyan_carpet":1,"minecraft:blue_orchid":6,"minecraft:cracked_stone_bricks":1,"minecraft:beef":23,"minecraft:oak_boat":5,"minecraft:jungle_sapling":2,"minecraft:light_gray_wool":3,"minecraft:lectern":1,"minecraft:sugar_cane":5,"minecraft:egg":1,"minecraft:raw_iron":137,"minecraft:sandstone":42,"sophisticatedbackpacks:backpack":2,"minecraft:redstone":110,"minecraft:stone_pressure_plate":1,"minecraft:dark_oak_planks":2,"minecraft:arrow":52,"minecraft:peony":1,"minecraft:golden_hoe":2,"minecraft:hay_block":20,"minecraft:glow_berries":8,"minecraft:mutton":33,"minecraft:rail":2,"minecraft:white_wool":23,"minecraft:leather":19,"minecraft:torchflower":1,"minecraft:chainmail_chestplate":1,"minecraft:oak_log":165,"minecraft:gunpowder":11,"minecraft:cobblestone_stairs":2,"minecraft:paper":21,"tombstone:gift":1,"jeg:grenade":3,"minecraft:smooth_sandstone":3,"minecraft:apple":11,"minecraft:iron_ingot":1,"tombstone:bag_of_seeds":2,"minecraft:glass_bottle":4,"jeg:tech_trash":8,"minecraft:iron_sword":1,"minecraft:acacia_sapling":3,"minecraft:dark_oak_stairs":1,"minecraft:book":33,"minecraft:daylight_detector":1,"minecraft:gravel":16,"minecraft:white_bed":4,"minecraft:spruce_log":5,"minecraft:spider_eye":6,"minecraft:pumpkin_seeds":2,"minecraft:stone_axe":2,"minecraft:iron_helmet":4,"minecraft:diamond_axe":1,"minecraft:warped_roots":2,"tombstone:magic_scroll":1,"minecraft:mangrove_propagule":2,"minecraft:coal":156},"minecraft:killed":{"minecraft:cave_spider":15,"minecraft:witch":3,"minecraft:spider":6,"minecraft:skeleton":34,"minecraft:chicken":3,"minecraft:pig":15,"minecraft:creeper":9,"minecraft:sheep":11,"minecraft:donkey":1,"minecraft:zombie":54,"minecraft:stray":5,"minecraft:cow":11,"mca:female_zombie_villager":1,"minecraft:husk":2,"minecraft:squid":5,"minecraft:wither_skeleton":4,"minecraft:enderman":1},"minecraft:crafted":{"minecraft:oak_planks":108,"minecraft:cooked_chicken":3,"minecraft:cobblestone_stairs":68,"minecraft:cooked_mutton":27,"minecraft:bow":1,"minecraft:chest":3,"sophisticatedbackpacks:backpack":2,"minecraft:cooked_porkchop":27,"minecraft:diamond_axe":1,"minecraft:crafting_table":6,"minecraft:spruce_planks":20,"minecraft:wooden_pickaxe":1,"minecraft:charcoal":9,"minecraft:diamond_pickaxe":1,"minecraft:stick":36,"minecraft:light_blue_dye":1,"minecraft:iron_ingot":26,"minecraft:iron_pickaxe":1,"minecraft:shears":1,"minecraft:stone_shovel":1,"minecraft:furnace":2,"mca:bouquet":4,"minecraft:flint_and_steel":1,"minecraft:iron_axe":1,"minecraft:stone_pickaxe":2,"minecraft:cooked_beef":3,"minecraft:bucket":2,"minecraft:stone_axe":2,"minecraft:air":0,"minecraft:blue_dye":2,"minecraft:oak_boat":1,"minecraft:white_bed":4,"minecraft:torch":196},"minecraft:broken":{"minecraft:golden_boots":1,"minecraft:iron_chestplate":1,"minecraft:stone_pickaxe":1,"minecraft:stone_axe":1,"minecraft:stone_shovel":1,"minecraft:golden_chestplate":1,"minecraft:iron_axe":2,"minecraft:iron_pickaxe":1},"minecraft:custom":{"minecraft:interact_with_crafting_table":37,"minecraft:open_barrel":3,"minecraft:leave_game":13,"minecraft:time_since_death":24296,"minecraft:sprint_one_cm":2573752,"minecraft:damage_blocked_by_shield":3352,"minecraft:drop":172,"minecraft:play_time":512485,"minecraft:deaths":5,"minecraft:jump":6637,"minecraft:interact_with_brewingstand":1,"minecraft:walk_on_water_one_cm":67617,"minecraft:interact_with_furnace":96,"minecraft:interact_with_cartography_table":1,"minecraft:sleep_in_bed":21,"minecraft:damage_dealt":31426,"minecraft:crouch_one_cm":29001,"tombstone:undead_killed":100,"minecraft:use_cauldron":2,"minecraft:mob_kills":184,"minecraft:damage_dealt_resisted":390,"minecraft:climb_one_cm":11718,"minecraft:walk_one_cm":1036681,"minecraft:damage_dealt_absorbed":175,"minecraft:sneak_time":10358,"minecraft:walk_under_water_one_cm":22093,"minecraft:boat_one_cm":458377,"minecraft:interact_with_lectern":2,"minecraft:total_world_time":512485,"tombstone:raider_killed":3,"minecraft:time_since_rest":24054,"minecraft:damage_taken":7531,"minecraft:damage_absorbed":89,"tombstone:cast_on_ally":1,"minecraft:swim_one_cm":190856,"minecraft:fly_one_cm":1001991,"minecraft:open_chest":362,"minecraft:fall_one_cm":93650},"minecraft:used":{"minecraft:iron_shovel":16,"minecraft:chest":2,"minecraft:shield":113,"minecraft:iron_sword":20,"tombstone:scroll_of_purification":1,"minecraft:jungle_slab":1,"minecraft:tuff":2,"minecraft:snowball":10,"jeg:grenade":2,"minecraft:bow":26,"minecraft:furnace":5,"minecraft:egg":1,"minecraft:dark_oak_stairs":1,"minecraft:oak_planks":19,"minecraft:stone_pickaxe":146,"minecraft:ender_pearl":1,"minecraft:wooden_pickaxe":10,"minecraft:sandstone":16,"minecraft:diamond_axe":219,"minecraft:golden_apple":3,"minecraft:golden_hoe":28,"sophisticatedbackpacks:backpack":4,"minecraft:bread":66,"minecraft:diamond_sword":385,"minecraft:oak_boat":5,"minecraft:iron_bars":2,"minecraft:flint_and_steel":19,"minecraft:stone_shovel":131,"minecraft:spruce_planks":8,"minecraft:cooked_chicken":3,"minecraft:torch":337,"minecraft:dirt":90,"minecraft:brown_terracotta":15,"minecraft:dark_oak_planks":2,"minecraft:iron_axe":364,"minecraft:smooth_sandstone":3,"tombstone:gift":5,"minecraft:cooked_beef":20,"minecraft:acacia_planks":1,"minecraft:cobbled_deepslate":93,"minecraft:golden_axe":20,"minecraft:cooked_mutton":27,"minecraft:water_bucket":25,"minecraft:cobblestone_stairs":55,"minecraft:crafting_table":12,"minecraft:white_bed":7,"minecraft:magenta_carpet":8,"tombstone:bag_of_seeds":2,"minecraft:cornflower":1,"minecraft:diamond_pickaxe":102,"minecraft:apple":24,"minecraft:iron_pickaxe":989,"minecraft:map":2,"tombstone:magic_scroll":1,"minecraft:golden_leggings":1,"minecraft:acacia_fence_gate":1,"minecraft:stone_axe":128,"minecraft:potion":2,"minecraft:cobblestone":49,"minecraft:cooked_porkchop":16,"minecraft:bucket":27},"minecraft:mined":{"minecraft:dark_oak_planks":2,"minecraft:stone_pressure_plate":1,"minecraft:spruce_planks":5,"minecraft:white_bed":4,"minecraft:jungle_slab":1,"minecraft:cobblestone_stairs":2,"minecraft:budding_amethyst":1,"minecraft:grass_block":43,"minecraft:jungle_log":90,"minecraft:spawner":6,"minecraft:magma_block":1,"minecraft:cobbled_deepslate":1,"minecraft:iron_ore":82,"minecraft:fire":16,"minecraft:deepslate_lapis_ore":19,"minecraft:dark_oak_stairs":1,"minecraft:dirt_path":23,"minecraft:iron_bars":13,"minecraft:oak_stairs":1,"minecraft:small_amethyst_bud":1,"minecraft:blue_orchid":5,"minecraft:deepslate_redstone_ore":22,"minecraft:brown_mushroom":1,"minecraft:magenta_carpet":8,"minecraft:smoker":1,"minecraft:torch":20,"minecraft:light_gray_terracotta":1,"minecraft:melon":1,"minecraft:cobblestone":2,"minecraft:oak_planks":21,"minecraft:iron_door":1,"minecraft:wall_torch":7,"minecraft:amethyst_block":9,"minecraft:pink_petals":1,"minecraft:white_terracotta":4,"minecraft:mud":18,"minecraft:orange_tulip":3,"minecraft:grass":23,"minecraft:oak_log":170,"minecraft:sand":6,"minecraft:dirt":93,"minecraft:netherrack":6,"minecraft:oak_leaves":2,"minecraft:deepslate":383,"minecraft:daylight_detector":1,"minecraft:tuff":12,"minecraft:mossy_cobblestone":3,"minecraft:deepslate_diamond_ore":53,"minecraft:mangrove_roots":5,"minecraft:decorated_pot":1,"minecraft:moss_block":6,"minecraft:sandstone":11,"minecraft:mangrove_propagule":2,"minecraft:rooted_dirt":1,"minecraft:hay_block":29,"minecraft:furnace":3,"minecraft:snow":9,"minecraft:andesite":20,"minecraft:stripped_spruce_log":14,"minecraft:gold_block":2,"minecraft:mossy_stone_brick_stairs":1,"minecraft:bookshelf":11,"minecraft:deepslate_iron_ore":36,"minecraft:vine":18,"minecraft:bamboo":4,"minecraft:stone":238,"jeg:scrap_ore":5,"minecraft:oak_fence":8,"minecraft:smooth_sandstone":3,"minecraft:crafting_table":8,"minecraft:cornflower":29,"minecraft:warped_roots":3,"minecraft:lectern":1,"minecraft:stone_slab":1,"minecraft:tall_grass":11,"minecraft:deepslate_coal_ore":15,"minecraft:deepslate_gold_ore":75,"minecraft:lapis_ore":4,"minecraft:diorite":2,"jeg:deepslate_scrap_ore":11,"minecraft:coarse_dirt":2,"minecraft:sea_pickle":2,"minecraft:torchflower":2,"minecraft:spruce_log":5,"minecraft:coal_ore":126,"minecraft:gravel":9,"minecraft:cyan_carpet":16,"minecraft:cobweb":86,"minecraft:brown_terracotta":24,"minecraft:cracked_stone_bricks":1,"minecraft:acacia_planks":10,"minecraft:mossy_stone_bricks":1,"minecraft:fern":4},"minecraft:killed_by":{"minecraft:cave_spider":1,"minecraft:player":1,"minecraft:skeleton":2},"minecraft:dropped":{"jeg:atlantean_spear":1,"minecraft:iron_sword":1,"minecraft:moss_block":3,"minecraft:brown_mushroom":2,"minecraft:glass_bottle":3,"minecraft:cooked_porkchop":3,"minecraft:pitcher_pod":4,"minecraft:lantern":1,"minecraft:rooted_dirt":2,"minecraft:leather":3,"jeg:grenade":1,"jeg:scrap":16,"minecraft:rail":2,"minecraft:flint":5,"minecraft:dirt":21,"minecraft:cornflower":8,"minecraft:snowball":52,"minecraft:jungle_sapling":1,"jeg:tech_trash":6,"minecraft:bone":24,"minecraft:gravel":3,"minecraft:stone_axe":1,"minecraft:mangrove_roots":5,"minecraft:iron_nugget":9,"minecraft:cobbled_deepslate":28,"minecraft:pointed_dripstone":2,"minecraft:obsidian":4,"tombstone:gift":1,"minecraft:rotten_flesh":48,"minecraft:chainmail_chestplate":1,"minecraft:leather_chestplate":1,"minecraft:tipped_arrow":3,"minecraft:gunpowder":14,"minecraft:beetroot_seeds":2,"minecraft:iron_bars":4,"minecraft:beef":2,"minecraft:netherrack":3,"minecraft:water_bucket":1,"minecraft:iron_ingot":6,"minecraft:stripped_spruce_log":15,"minecraft:wheat_seeds":7,"minecraft:mossy_cobblestone":4,"minecraft:oak_fence":6,"minecraft:feather":3,"minecraft:iron_helmet":1,"minecraft:stick":11,"minecraft:diorite":2,"minecraft:ink_sac":6,"minecraft:torch":41,"tombstone:grave_key":2,"minecraft:melon_slice":6,"minecraft:map":2,"tombstone:grave_dust":13,"minecraft:iron_leggings":2,"minecraft:brown_terracotta":9,"minecraft:golden_hoe":2,"minecraft:mud":17,"minecraft:paper":42,"minecraft:string":10,"minecraft:pink_petals":4,"minecraft:moss_carpet":4,"minecraft:coarse_dirt":2,"minecraft:light_gray_terracotta":1,"sophisticatedbackpacks:backpack":1,"minecraft:white_terracotta":4,"minecraft:torchflower_seeds":3,"minecraft:pumpkin_seeds":4,"minecraft:filled_map":2,"minecraft:andesite":18,"minecraft:golden_leggings":1,"minecraft:oak_sapling":15,"minecraft:golden_sword":2,"minecraft:spider_eye":3,"minecraft:bamboo":22,"minecraft:sandstone":10,"minecraft:bow":1,"minecraft:blue_orchid":2,"minecraft:stone_pickaxe":1,"minecraft:wooden_pickaxe":1}},"DataVersion":3465}