{"stats":{"minecraft:used":{"minecraft:stone_sword":47,"minecraft:birch_planks":5,"minecraft:stone_pickaxe":67,"minecraft:oak_planks":8,"minecraft:wooden_pickaxe":23,"minecraft:shield":4,"minecraft:torch":11,"minecraft:crafting_table":2,"minecraft:wooden_axe":17,"minecraft:apple":1,"minecraft:iron_pickaxe":7,"minecraft:stone_axe":46,"minecraft:cobblestone":1,"minecraft:furnace":3,"tombstone:gift":2,"minecraft:cooked_beef":6,"minecraft:pumpkin":1},"minecraft:dropped":{"minecraft:shield":2,"minecraft:torch":24,"minecraft:white_wool":2},"minecraft:crafted":{"minecraft:cooked_beef":6,"minecraft:oak_planks":42,"minecraft:crafting_table":1,"minecraft:wooden_pickaxe":1,"minecraft:furnace":2,"minecraft:birch_planks":28,"minecraft:stone_axe":1,"minecraft:cooked_mutton":4,"minecraft:air":0,"minecraft:charcoal":1,"minecraft:shield":2,"minecraft:stick":24,"minecraft:iron_ingot":8,"minecraft:iron_pickaxe":1,"minecraft:stone_pickaxe":3,"minecraft:wooden_axe":1,"minecraft:stone_sword":1,"minecraft:torch":22},"minecraft:custom":{"minecraft:interact_with_furnace":30,"minecraft:mob_kills":18,"minecraft:interact_with_crafting_table":8,"minecraft:leave_game":4,"minecraft:time_since_death":1448,"minecraft:sleep_in_bed":1,"minecraft:time_since_rest":1,"minecraft:sprint_one_cm":119047,"minecraft:damage_taken":1639,"minecraft:walk_one_cm":148624,"minecraft:damage_blocked_by_shield":120,"minecraft:drop":6,"minecraft:damage_dealt":3437,"minecraft:swim_one_cm":4547,"minecraft:fly_one_cm":87620,"minecraft:crouch_one_cm":96,"minecraft:play_time":51287,"tombstone:undead_killed":12,"minecraft:deaths":4,"minecraft:sneak_time":79,"minecraft:walk_under_water_one_cm":8553,"minecraft:jump":843,"minecraft:walk_on_water_one_cm":36208,"minecraft:total_world_time":51287,"minecraft:fall_one_cm":14597},"minecraft:picked_up":{"minecraft:birch_log":7,"minecraft:charcoal":1,"minecraft:crafting_table":1,"minecraft:andesite":1,"minecraft:leather":3,"minecraft:birch_planks":3,"minecraft:oak_log":11,"minecraft:shield":1,"minecraft:dirt":22,"minecraft:apple":1,"minecraft:wheat_seeds":4,"minecraft:cobbled_deepslate":11,"minecraft:iron_ingot":1,"minecraft:beef":3,"tombstone:bag_of_seeds":1,"minecraft:birch_sapling":4,"minecraft:oak_planks":2,"minecraft:furnace":3,"minecraft:stick":2,"minecraft:raw_iron":24,"minecraft:cooked_porkchop":3,"minecraft:pumpkin":9,"minecraft:torch":12,"minecraft:porkchop":2,"tombstone:grave_dust":1,"minecraft:white_bed":2,"minecraft:rotten_flesh":15,"minecraft:diamond":3,"minecraft:oak_sapling":1,"minecraft:mutton":2,"minecraft:coal":8,"minecraft:white_wool":2,"minecraft:cobblestone":54},"minecraft:killed_by":{"minecraft:skeleton":2,"minecraft:creeper":1},"minecraft:mined":{"minecraft:white_bed":2,"minecraft:deepslate_diamond_ore":3,"minecraft:crafting_table":1,"minecraft:grass_block":6,"minecraft:tall_grass":10,"minecraft:cobblestone":1,"minecraft:furnace":3,"minecraft:birch_log":7,"minecraft:iron_ore":20,"minecraft:andesite":1,"minecraft:pumpkin":9,"minecraft:grass":30,"minecraft:oak_log":11,"minecraft:coal_ore":7,"minecraft:deepslate_iron_ore":4,"minecraft:dirt":9,"minecraft:stone":52,"minecraft:deepslate":4,"minecraft:fern":1},"minecraft:killed":{"minecraft:pig":2,"minecraft:skeleton":1,"minecraft:sheep":2,"minecraft:zombie":11,"minecraft:cow":2}},"DataVersion":3465}