{"stats":{"minecraft:used":{"minecraft:stone_sword":73,"minecraft:chest":2,"minecraft:shield":13,"minecraft:torch":20,"minecraft:dirt":1,"minecraft:wooden_axe":18,"minecraft:iron_axe":45,"minecraft:iron_helmet":1,"minecraft:iron_boots":1,"minecraft:furnace":7,"tombstone:gift":3,"minecraft:cooked_beef":6,"minecraft:acacia_planks":2,"minecraft:pumpkin":1,"minecraft:cooked_mutton":4,"minecraft:cobblestone_stairs":4,"minecraft:birch_planks":5,"minecraft:stone_pickaxe":200,"minecraft:oak_planks":10,"minecraft:wooden_pickaxe":23,"minecraft:crafting_table":4,"minecraft:white_bed":4,"minecraft:apple":1,"minecraft:bread":3,"minecraft:iron_pickaxe":7,"minecraft:stone_axe":87,"minecraft:cobblestone":48,"minecraft:cooked_porkchop":2},"minecraft:dropped":{"minecraft:wheat_seeds":4,"minecraft:iron_helmet":1,"minecraft:cobblestone":4,"minecraft:stick":2,"minecraft:dirt":23,"minecraft:torch":24,"minecraft:cornflower":3,"tombstone:grave_key":1,"minecraft:wooden_axe":1,"minecraft:snowball":3,"tombstone:grave_dust":3,"minecraft:iron_axe":1,"minecraft:string":1,"minecraft:white_wool":2,"jeg:tech_trash":2,"minecraft:gravel":3,"minecraft:tuff":1,"minecraft:rotten_flesh":21,"minecraft:iron_boots":1,"minecraft:white_bed":1,"minecraft:shield":2,"minecraft:iron_chestplate":1,"minecraft:andesite":1,"minecraft:oak_sapling":1,"minecraft:wooden_pickaxe":1},"minecraft:crafted":{"minecraft:oak_planks":42,"minecraft:furnace":2,"minecraft:cobblestone_stairs":8,"minecraft:cooked_mutton":4,"minecraft:iron_boots":2,"minecraft:iron_axe":2,"minecraft:stone_pickaxe":4,"minecraft:chest":2,"minecraft:wheat":126,"minecraft:cooked_beef":6,"minecraft:crafting_table":2,"minecraft:wooden_pickaxe":1,"minecraft:iron_helmet":2,"minecraft:birch_planks":28,"minecraft:stone_axe":3,"minecraft:bread":42,"minecraft:air":0,"minecraft:iron_chestplate":2,"minecraft:charcoal":1,"minecraft:shield":2,"minecraft:stick":40,"minecraft:iron_ingot":70,"minecraft:iron_pickaxe":1,"minecraft:wooden_axe":1,"minecraft:stone_sword":2,"minecraft:iron_leggings":2,"minecraft:acacia_planks":64,"minecraft:torch":64},"minecraft:custom":{"minecraft:mob_kills":22,"minecraft:interact_with_crafting_table":25,"minecraft:leave_game":4,"minecraft:time_since_death":66775,"minecraft:sprint_one_cm":222530,"minecraft:walk_one_cm":246595,"minecraft:damage_blocked_by_shield":600,"minecraft:drop":34,"minecraft:play_time":116614,"minecraft:deaths":4,"minecraft:sneak_time":118,"minecraft:walk_under_water_one_cm":13847,"minecraft:jump":1553,"minecraft:walk_on_water_one_cm":46940,"minecraft:total_world_time":116614,"minecraft:interact_with_furnace":59,"minecraft:sleep_in_bed":4,"minecraft:time_since_rest":6296,"minecraft:damage_taken":2188,"minecraft:damage_dealt":4633,"minecraft:swim_one_cm":6310,"minecraft:fly_one_cm":141753,"minecraft:open_chest":6,"minecraft:crouch_one_cm":96,"tombstone:undead_killed":15,"minecraft:fall_one_cm":23050},"minecraft:picked_up":{"minecraft:charcoal":1,"minecraft:crafting_table":2,"minecraft:shield":1,"minecraft:cornflower":3,"minecraft:string":1,"minecraft:cobbled_deepslate":18,"minecraft:beef":3,"minecraft:birch_sapling":4,"minecraft:furnace":5,"minecraft:raw_iron":46,"minecraft:stick":5,"minecraft:torch":12,"minecraft:acacia_log":33,"minecraft:porkchop":2,"tombstone:grave_dust":1,"minecraft:rotten_flesh":21,"minecraft:hay_block":14,"minecraft:mutton":2,"minecraft:snowball":16,"minecraft:white_wool":2,"minecraft:cobblestone":113,"minecraft:birch_log":7,"minecraft:glow_ink_sac":4,"minecraft:andesite":1,"minecraft:leather":3,"minecraft:birch_planks":3,"minecraft:flint":1,"minecraft:tuff":1,"minecraft:oak_log":11,"jeg:scrap":28,"minecraft:dirt":27,"minecraft:apple":1,"minecraft:wheat_seeds":4,"minecraft:iron_ingot":1,"tombstone:bag_of_seeds":1,"minecraft:oak_planks":3,"minecraft:acacia_sapling":8,"jeg:tech_trash":7,"minecraft:cooked_porkchop":3,"minecraft:pumpkin":9,"minecraft:gravel":3,"minecraft:stripped_spruce_log":2,"minecraft:spruce_sapling":1,"minecraft:white_bed":6,"minecraft:spruce_log":5,"minecraft:bundle":1,"minecraft:diamond":3,"tombstone:magic_scroll":1,"minecraft:oak_sapling":2,"minecraft:coal":37},"minecraft:killed_by":{"minecraft:creeper":1,"minecraft:skeleton":2},"minecraft:mined":{"minecraft:tuff":1,"minecraft:white_bed":5,"minecraft:deepslate_diamond_ore":3,"minecraft:acacia_log":52,"minecraft:grass_block":10,"minecraft:spruce_leaves":1,"minecraft:hay_block":6,"minecraft:furnace":5,"minecraft:iron_ore":33,"minecraft:andesite":1,"minecraft:stripped_spruce_log":3,"minecraft:pumpkin":9,"minecraft:deepslate_iron_ore":14,"minecraft:stone":119,"jeg:scrap_ore":3,"minecraft:crafting_table":2,"minecraft:cornflower":2,"minecraft:cobblestone":5,"minecraft:tall_grass":10,"minecraft:lapis_ore":1,"minecraft:oak_planks":1,"jeg:deepslate_scrap_ore":6,"minecraft:birch_log":7,"minecraft:spruce_log":5,"minecraft:grass":32,"minecraft:coal_ore":22,"minecraft:oak_log":11,"minecraft:gravel":3,"minecraft:dirt":13,"minecraft:acacia_planks":2,"minecraft:oak_leaves":8,"minecraft:deepslate":8,"minecraft:fern":1},"minecraft:broken":{"minecraft:stone_pickaxe":1,"minecraft:stone_axe":1},"minecraft:killed":{"minecraft:skeleton":1,"minecraft:pig":2,"minecraft:sheep":2,"minecraft:zombie":14,"minecraft:glow_squid":1,"minecraft:cow":2}},"DataVersion":3465}