{"stats":{"minecraft:killed_by":{"minecraft:creeper":1,"minecraft:skeleton":2},"minecraft:killed":{"minecraft:skeleton":1,"minecraft:pig":3,"minecraft:creeper":1,"minecraft:sheep":2,"minecraft:zombie":14,"minecraft:glow_squid":1,"minecraft:cow":5},"minecraft:crafted":{"minecraft:oak_planks":42,"minecraft:furnace":2,"minecraft:cobblestone_stairs":8,"minecraft:cooked_mutton":4,"minecraft:iron_boots":2,"minecraft:iron_axe":2,"minecraft:stone_pickaxe":4,"minecraft:chest":2,"minecraft:wheat":216,"minecraft:cooked_beef":13,"minecraft:crafting_table":2,"minecraft:wooden_pickaxe":1,"minecraft:iron_helmet":2,"minecraft:birch_planks":28,"minecraft:stone_axe":3,"minecraft:bread":72,"minecraft:air":0,"minecraft:iron_chestplate":2,"minecraft:charcoal":1,"minecraft:shield":2,"minecraft:stick":40,"minecraft:iron_ingot":79,"minecraft:iron_pickaxe":1,"minecraft:wooden_axe":1,"minecraft:stone_sword":2,"minecraft:iron_leggings":2,"minecraft:acacia_planks":80,"minecraft:torch":64},"minecraft:mined":{"minecraft:tuff":1,"minecraft:white_bed":5,"minecraft:deepslate_diamond_ore":3,"minecraft:acacia_log":71,"minecraft:grass_block":11,"minecraft:spruce_leaves":1,"minecraft:hay_block":17,"minecraft:furnace":5,"minecraft:iron_ore":33,"minecraft:andesite":1,"minecraft:stripped_spruce_log":3,"minecraft:pumpkin":9,"minecraft:deepslate_iron_ore":14,"minecraft:stone":122,"jeg:scrap_ore":7,"minecraft:crafting_table":2,"minecraft:cornflower":3,"minecraft:tall_grass":14,"minecraft:cobblestone":5,"minecraft:lapis_ore":1,"minecraft:sugar_cane":1,"minecraft:oak_planks":1,"jeg:deepslate_scrap_ore":6,"minecraft:birch_log":7,"minecraft:spruce_log":5,"minecraft:grass":34,"minecraft:oak_log":11,"minecraft:coal_ore":36,"minecraft:gravel":3,"minecraft:dirt":15,"minecraft:acacia_planks":2,"minecraft:oak_leaves":8,"minecraft:deepslate":8,"minecraft:fern":1},"minecraft:dropped":{"minecraft:wheat_seeds":4,"minecraft:iron_helmet":1,"minecraft:cobblestone":4,"minecraft:stick":2,"minecraft:dirt":23,"minecraft:torch":24,"minecraft:cornflower":4,"tombstone:grave_key":1,"minecraft:wooden_axe":1,"minecraft:snowball":3,"tombstone:grave_dust":3,"minecraft:iron_axe":1,"minecraft:string":1,"minecraft:white_wool":2,"jeg:tech_trash":2,"minecraft:gravel":3,"minecraft:tuff":1,"minecraft:rotten_flesh":21,"minecraft:iron_boots":1,"minecraft:white_bed":1,"minecraft:shield":2,"minecraft:iron_chestplate":1,"minecraft:andesite":1,"minecraft:oak_sapling":1,"minecraft:wooden_pickaxe":1},"minecraft:picked_up":{"minecraft:charcoal":1,"minecraft:crafting_table":2,"minecraft:shield":1,"minecraft:cornflower":4,"minecraft:string":1,"minecraft:cobbled_deepslate":18,"minecraft:beef":10,"minecraft:sugar_cane":3,"minecraft:birch_sapling":4,"minecraft:egg":1,"minecraft:furnace":5,"minecraft:stick":5,"minecraft:raw_iron":46,"minecraft:torch":12,"minecraft:acacia_log":51,"minecraft:porkchop":3,"tombstone:grave_dust":1,"minecraft:rotten_flesh":21,"minecraft:hay_block":24,"minecraft:mutton":2,"minecraft:cobblestone":116,"minecraft:snowball":16,"minecraft:white_wool":2,"minecraft:birch_log":7,"minecraft:glow_ink_sac":4,"minecraft:andesite":1,"minecraft:leather":4,"minecraft:birch_planks":3,"minecraft:flint":1,"minecraft:tuff":1,"minecraft:oak_log":11,"jeg:scrap":38,"minecraft:gunpowder":2,"minecraft:dirt":30,"minecraft:apple":1,"minecraft:wheat_seeds":4,"jeg:atlantean_spear":1,"minecraft:iron_ingot":1,"tombstone:bag_of_seeds":1,"jeg:tech_trash":7,"minecraft:acacia_sapling":11,"minecraft:oak_planks":3,"minecraft:cooked_porkchop":3,"minecraft:pumpkin":9,"minecraft:gravel":3,"minecraft:stripped_spruce_log":2,"minecraft:spruce_sapling":1,"minecraft:white_bed":6,"minecraft:spruce_log":5,"minecraft:bundle":1,"minecraft:diamond":3,"tombstone:magic_scroll":1,"minecraft:oak_sapling":2,"minecraft:coal":51},"minecraft:broken":{"minecraft:stone_pickaxe":1,"minecraft:stone_axe":1},"minecraft:custom":{"minecraft:mob_kills":27,"minecraft:interact_with_crafting_table":30,"minecraft:bell_ring":1,"minecraft:leave_game":5,"minecraft:time_since_death":92970,"minecraft:sprint_one_cm":413924,"minecraft:walk_one_cm":285838,"minecraft:damage_blocked_by_shield":600,"minecraft:drop":35,"minecraft:play_time":142809,"minecraft:deaths":4,"minecraft:sneak_time":138,"minecraft:walk_under_water_one_cm":18121,"minecraft:jump":2075,"minecraft:walk_on_water_one_cm":49191,"minecraft:total_world_time":142809,"minecraft:interact_with_furnace":70,"minecraft:sleep_in_bed":7,"minecraft:time_since_rest":10796,"minecraft:damage_taken":2288,"minecraft:damage_dealt":5481,"minecraft:swim_one_cm":16616,"minecraft:fly_one_cm":215507,"minecraft:open_chest":14,"minecraft:crouch_one_cm":96,"tombstone:undead_killed":15,"minecraft:fall_one_cm":30360},"minecraft:used":{"minecraft:stone_sword":82,"minecraft:chest":2,"minecraft:shield":13,"minecraft:torch":20,"minecraft:dirt":2,"minecraft:wooden_axe":18,"minecraft:iron_axe":45,"minecraft:iron_helmet":1,"minecraft:iron_boots":1,"minecraft:furnace":7,"tombstone:gift":3,"minecraft:cooked_beef":6,"minecraft:acacia_planks":2,"minecraft:pumpkin":1,"minecraft:cooked_mutton":4,"minecraft:cobblestone_stairs":4,"minecraft:birch_planks":5,"minecraft:stone_pickaxe":221,"minecraft:oak_planks":10,"minecraft:wooden_pickaxe":23,"minecraft:crafting_table":4,"minecraft:white_bed":4,"minecraft:apple":1,"minecraft:bread":12,"minecraft:iron_pickaxe":7,"minecraft:stone_axe":117,"minecraft:cobblestone":48,"minecraft:cooked_porkchop":2}},"DataVersion":3465}