{"stats":{"minecraft:mined":{"minecraft:tuff":1,"minecraft:spruce_planks":1,"minecraft:white_bed":5,"minecraft:deepslate_diamond_ore":3,"minecraft:nether_bricks":1,"minecraft:acacia_log":71,"minecraft:grass_block":16,"minecraft:spruce_leaves":1,"minecraft:spawner":4,"minecraft:hay_block":26,"minecraft:furnace":5,"minecraft:iron_ore":40,"minecraft:andesite":3,"minecraft:stripped_spruce_log":3,"minecraft:pumpkin":9,"minecraft:bookshelf":4,"minecraft:deepslate_iron_ore":14,"minecraft:vine":6,"minecraft:iron_bars":13,"minecraft:stone":122,"minecraft:acacia_leaves":2,"jeg:scrap_ore":7,"minecraft:cornflower":4,"minecraft:crafting_table":2,"minecraft:torch":4,"minecraft:tall_grass":14,"minecraft:cobblestone":5,"minecraft:lapis_ore":1,"minecraft:oak_planks":11,"minecraft:sugar_cane":1,"minecraft:wall_torch":3,"jeg:deepslate_scrap_ore":6,"minecraft:birch_log":7,"minecraft:spruce_log":5,"minecraft:grass":37,"minecraft:coal_ore":36,"minecraft:oak_log":11,"minecraft:gravel":3,"minecraft:dirt":15,"minecraft:acacia_planks":18,"minecraft:oak_leaves":8,"minecraft:deepslate":8,"minecraft:fern":3},"minecraft:dropped":{"minecraft:bread":25,"minecraft:iron_sword":1,"minecraft:magenta_carpet":1,"minecraft:wheat_seeds":4,"minecraft:cooked_beef":12,"minecraft:oak_log":1,"minecraft:mossy_cobblestone":1,"minecraft:glass_bottle":1,"minecraft:iron_helmet":4,"minecraft:cobblestone":6,"minecraft:book":6,"jeg:grenade":1,"minecraft:spruce_door":2,"minecraft:stick":3,"minecraft:dirt":24,"tombstone:bag_of_seeds":2,"minecraft:ink_sac":5,"minecraft:torch":80,"minecraft:cornflower":5,"tombstone:grave_key":1,"minecraft:mutton":1,"minecraft:wooden_axe":1,"minecraft:iron_door":1,"minecraft:snowball":3,"tombstone:grave_dust":3,"minecraft:potion":1,"minecraft:iron_leggings":1,"minecraft:oak_stairs":1,"minecraft:iron_axe":3,"minecraft:iron_pickaxe":1,"minecraft:iron_shovel":1,"minecraft:string":4,"minecraft:white_wool":3,"jeg:tech_trash":2,"minecraft:bone":9,"minecraft:gravel":3,"minecraft:stone_axe":3,"minecraft:sugar_cane":3,"minecraft:golden_chestplate":1,"minecraft:stone_sword":2,"minecraft:tuff":1,"minecraft:rotten_flesh":45,"minecraft:iron_boots":1,"sophisticatedbackpacks:backpack":1,"minecraft:white_bed":1,"minecraft:carrot":1,"minecraft:leather_chestplate":1,"minecraft:tipped_arrow":3,"minecraft:shield":4,"minecraft:bundle":1,"minecraft:iron_chestplate":1,"minecraft:andesite":1,"minecraft:mossy_stone_bricks":1,"minecraft:oak_sapling":1,"minecraft:golden_sword":2,"minecraft:spider_eye":1,"tombstone:essence_of_undeath":1,"minecraft:iron_bars":7,"minecraft:arrow":4,"minecraft:wooden_pickaxe":1,"minecraft:egg":1},"minecraft:broken":{"minecraft:stone_pickaxe":1,"minecraft:iron_axe":1,"minecraft:stone_axe":1},"minecraft:custom":{"minecraft:mob_kills":91,"minecraft:interact_with_crafting_table":35,"minecraft:bell_ring":2,"minecraft:damage_dealt_resisted":65,"minecraft:eat_cake_slice":1,"minecraft:leave_game":6,"minecraft:time_since_death":9237,"minecraft:climb_one_cm":4332,"minecraft:sprint_one_cm":875360,"minecraft:walk_one_cm":646251,"minecraft:damage_blocked_by_shield":2456,"minecraft:drop":112,"minecraft:play_time":249798,"minecraft:sneak_time":348,"minecraft:deaths":7,"minecraft:walk_under_water_one_cm":18400,"minecraft:jump":3100,"minecraft:walk_on_water_one_cm":53274,"minecraft:total_world_time":249798,"minecraft:interact_with_furnace":81,"minecraft:sleep_in_bed":11,"minecraft:time_since_rest":8779,"minecraft:damage_taken":4809,"minecraft:damage_dealt":20366,"minecraft:player_kills":1,"minecraft:swim_one_cm":18880,"minecraft:fly_one_cm":327858,"minecraft:open_chest":150,"minecraft:crouch_one_cm":706,"tombstone:undead_killed":75,"minecraft:fall_one_cm":47299},"minecraft:crafted":{"minecraft:black_dye":1,"minecraft:oak_planks":42,"minecraft:furnace":2,"minecraft:cobblestone_stairs":8,"minecraft:cooked_mutton":4,"minecraft:iron_boots":2,"minecraft:iron_axe":2,"minecraft:stone_pickaxe":4,"minecraft:chest":5,"minecraft:wheat":216,"minecraft:cooked_beef":26,"sophisticatedbackpacks:backpack":2,"minecraft:cooked_porkchop":8,"minecraft:crafting_table":2,"minecraft:spruce_planks":40,"minecraft:wooden_pickaxe":1,"minecraft:iron_helmet":3,"minecraft:iron_sword":1,"minecraft:birch_planks":28,"minecraft:stone_axe":3,"minecraft:air":0,"minecraft:bread":72,"minecraft:iron_chestplate":2,"minecraft:charcoal":1,"minecraft:shield":2,"minecraft:stick":76,"minecraft:iron_ingot":79,"minecraft:iron_pickaxe":1,"minecraft:wooden_axe":1,"minecraft:stone_sword":2,"minecraft:iron_leggings":2,"minecraft:acacia_planks":80,"minecraft:torch":200},"minecraft:picked_up":{"minecraft:charcoal":1,"minecraft:crafting_table":2,"minecraft:magenta_carpet":1,"minecraft:lead":1,"minecraft:oak_stairs":1,"minecraft:potion":1,"minecraft:shield":1,"minecraft:golden_sword":2,"minecraft:cornflower":5,"minecraft:string":5,"minecraft:iron_axe":3,"minecraft:iron_leggings":2,"minecraft:iron_shovel":1,"minecraft:cyan_carpet":2,"minecraft:cobbled_deepslate":18,"minecraft:spruce_planks":1,"minecraft:beef":10,"minecraft:iron_pickaxe":1,"minecraft:sugar_cane":3,"minecraft:birch_sapling":4,"minecraft:furnace":5,"minecraft:egg":1,"minecraft:tipped_arrow":4,"minecraft:stick":6,"minecraft:raw_iron":53,"minecraft:torch":65,"minecraft:acacia_log":51,"sophisticatedbackpacks:backpack":1,"minecraft:porkchop":3,"tombstone:grave_dust":6,"minecraft:carrot":1,"minecraft:golden_chestplate":1,"minecraft:stone_sword":1,"minecraft:arrow":11,"minecraft:rotten_flesh":64,"minecraft:nether_bricks":1,"minecraft:hay_block":33,"tombstone:essence_of_undeath":2,"minecraft:leather_horse_armor":1,"minecraft:mutton":3,"minecraft:iron_bars":24,"minecraft:snowball":16,"minecraft:white_wool":3,"minecraft:cobblestone":116,"minecraft:birch_log":7,"minecraft:leather_chestplate":1,"minecraft:iron_door":1,"minecraft:glow_ink_sac":4,"minecraft:andesite":1,"minecraft:leather":4,"minecraft:birch_planks":3,"minecraft:flint":1,"minecraft:tuff":1,"minecraft:oak_log":18,"jeg:scrap":38,"minecraft:gunpowder":5,"minecraft:dirt":36,"tombstone:gift":1,"jeg:grenade":2,"minecraft:leather_boots":1,"minecraft:bone":14,"minecraft:acacia_planks":17,"minecraft:apple":1,"minecraft:bow":1,"minecraft:wheat_seeds":4,"jeg:atlantean_spear":1,"minecraft:iron_ingot":7,"tombstone:bag_of_seeds":3,"minecraft:mossy_stone_bricks":3,"minecraft:glass_bottle":1,"minecraft:iron_sword":1,"minecraft:oak_planks":9,"minecraft:acacia_sapling":11,"jeg:tech_trash":7,"minecraft:book":12,"minecraft:cooked_porkchop":3,"minecraft:pumpkin":9,"minecraft:gravel":3,"minecraft:stripped_spruce_log":2,"minecraft:spruce_sapling":1,"minecraft:ink_sac":6,"minecraft:white_bed":6,"minecraft:spruce_log":5,"minecraft:spruce_door":2,"minecraft:spider_eye":2,"minecraft:mossy_cobblestone":1,"minecraft:bundle":3,"minecraft:diamond_shovel":1,"minecraft:diamond":3,"minecraft:stone_axe":2,"minecraft:iron_helmet":2,"minecraft:painting":1,"tombstone:magic_scroll":2,"minecraft:oak_sapling":2,"minecraft:bricks":2,"minecraft:coal":53,"minecraft:ender_pearl":1},"minecraft:killed":{"minecraft:spider":1,"minecraft:skeleton":11,"minecraft:pig":3,"minecraft:creeper":1,"minecraft:sheep":3,"minecraft:zombie":51,"minecraft:stray":5,"minecraft:glow_squid":1,"minecraft:wither_skeleton":8,"minecraft:enderman":2,"minecraft:cow":5},"minecraft:killed_by":{"minecraft:stray":1,"minecraft:creeper":1,"minecraft:enderman":1,"minecraft:iron_golem":1,"minecraft:skeleton":2},"minecraft:used":{"minecraft:stone_sword":88,"minecraft:chest":4,"minecraft:spruce_planks":1,"minecraft:shield":70,"minecraft:iron_sword":65,"minecraft:torch":184,"minecraft:dirt":9,"jeg:grenade":1,"minecraft:wooden_axe":18,"minecraft:iron_axe":106,"minecraft:iron_helmet":1,"minecraft:iron_boots":1,"minecraft:bow":2,"minecraft:furnace":7,"tombstone:gift":6,"minecraft:cooked_beef":13,"minecraft:acacia_planks":41,"minecraft:pumpkin":1,"minecraft:cooked_mutton":4,"minecraft:cobblestone_stairs":4,"minecraft:birch_planks":5,"minecraft:stone_pickaxe":252,"minecraft:oak_planks":10,"minecraft:wooden_pickaxe":23,"minecraft:crafting_table":4,"minecraft:white_bed":4,"minecraft:apple":1,"minecraft:bread":45,"minecraft:iron_pickaxe":7,"tombstone:magic_scroll":3,"minecraft:stone_axe":424,"minecraft:cobblestone":48,"minecraft:cooked_porkchop":3}},"DataVersion":3465}