{"stats":{"minecraft:used":{"minecraft:wooden_axe":17,"minecraft:apple":1,"minecraft:stone_pickaxe":23,"minecraft:wooden_pickaxe":23,"minecraft:stone_axe":20,"minecraft:cobblestone":1},"minecraft:crafted":{"minecraft:oak_planks":10,"minecraft:stick":12,"minecraft:wooden_pickaxe":1,"minecraft:stone_pickaxe":3,"minecraft:wooden_axe":1,"minecraft:stone_sword":1,"minecraft:stone_axe":1},"minecraft:custom":{"minecraft:time_since_rest":15342,"minecraft:sprint_one_cm":49623,"minecraft:damage_taken":139,"minecraft:walk_one_cm":66681,"minecraft:mob_kills":6,"minecraft:damage_dealt":1042,"minecraft:interact_with_crafting_table":3,"minecraft:fly_one_cm":11271,"minecraft:crouch_one_cm":96,"minecraft:play_time":15342,"minecraft:sneak_time":24,"minecraft:jump":218,"minecraft:leave_game":1,"minecraft:walk_on_water_one_cm":843,"minecraft:time_since_death":15342,"minecraft:total_world_time":15342,"minecraft:fall_one_cm":2370},"minecraft:picked_up":{"minecraft:birch_log":7,"minecraft:stick":2,"minecraft:pumpkin":8,"minecraft:leather":3,"minecraft:porkchop":2,"minecraft:oak_log":11,"minecraft:dirt":6,"minecraft:apple":1,"minecraft:wheat_seeds":3,"minecraft:beef":3,"minecraft:oak_sapling":1,"minecraft:mutton":2,"minecraft:birch_sapling":4,"minecraft:coal":7,"minecraft:white_wool":2,"minecraft:cobblestone":35},"minecraft:mined":{"minecraft:birch_log":7,"minecraft:pumpkin":8,"minecraft:grass":30,"minecraft:coal_ore":6,"minecraft:grass_block":2,"minecraft:oak_log":11,"minecraft:tall_grass":9,"minecraft:cobblestone":1,"minecraft:stone":37,"minecraft:fern":1},"minecraft:killed":{"minecraft:sheep":2,"minecraft:pig":2,"minecraft:cow":2}},"DataVersion":3465}