{"stats":{"minecraft:used":{"minecraft:cooked_mutton":4,"minecraft:stone_sword":73,"minecraft:birch_planks":5,"minecraft:stone_pickaxe":141,"minecraft:oak_planks":10,"minecraft:wooden_pickaxe":23,"minecraft:shield":13,"minecraft:torch":16,"minecraft:crafting_table":3,"minecraft:wooden_axe":18,"minecraft:apple":1,"minecraft:iron_pickaxe":7,"minecraft:iron_helmet":1,"minecraft:stone_axe":62,"minecraft:cobblestone":41,"minecraft:furnace":5,"minecraft:cooked_porkchop":2,"tombstone:gift":3,"minecraft:cooked_beef":6,"minecraft:pumpkin":1},"minecraft:dropped":{"minecraft:gravel":3,"minecraft:wheat_seeds":4,"minecraft:tuff":1,"minecraft:cobblestone":4,"minecraft:rotten_flesh":21,"minecraft:dirt":23,"minecraft:shield":2,"minecraft:torch":24,"tombstone:grave_key":1,"minecraft:iron_chestplate":1,"minecraft:wooden_axe":1,"minecraft:andesite":1,"minecraft:oak_sapling":1,"minecraft:snowball":3,"tombstone:grave_dust":3,"minecraft:wooden_pickaxe":1,"minecraft:string":1,"minecraft:white_wool":2},"minecraft:crafted":{"minecraft:cooked_beef":6,"minecraft:oak_planks":42,"minecraft:crafting_table":2,"minecraft:iron_helmet":1,"minecraft:wooden_pickaxe":1,"minecraft:furnace":2,"minecraft:birch_planks":28,"minecraft:stone_axe":1,"minecraft:cooked_mutton":4,"minecraft:air":0,"minecraft:iron_chestplate":2,"minecraft:charcoal":1,"minecraft:shield":2,"minecraft:stick":24,"minecraft:iron_ingot":44,"minecraft:iron_pickaxe":1,"minecraft:stone_pickaxe":3,"minecraft:wooden_axe":1,"minecraft:stone_sword":1,"minecraft:iron_leggings":2,"minecraft:torch":26},"minecraft:custom":{"minecraft:interact_with_furnace":37,"minecraft:mob_kills":22,"minecraft:interact_with_crafting_table":13,"minecraft:leave_game":4,"minecraft:time_since_death":24775,"minecraft:sleep_in_bed":1,"minecraft:time_since_rest":22376,"minecraft:sprint_one_cm":191963,"minecraft:damage_taken":2078,"minecraft:walk_one_cm":192801,"minecraft:damage_blocked_by_shield":600,"minecraft:drop":23,"minecraft:damage_dealt":4633,"minecraft:swim_one_cm":6310,"minecraft:fly_one_cm":129287,"minecraft:crouch_one_cm":96,"minecraft:play_time":74614,"tombstone:undead_killed":15,"minecraft:deaths":4,"minecraft:sneak_time":118,"minecraft:walk_under_water_one_cm":13847,"minecraft:jump":1290,"minecraft:walk_on_water_one_cm":46940,"minecraft:total_world_time":74614,"minecraft:fall_one_cm":19978},"minecraft:picked_up":{"minecraft:birch_log":7,"minecraft:charcoal":1,"minecraft:crafting_table":1,"minecraft:glow_ink_sac":4,"minecraft:andesite":1,"minecraft:leather":3,"minecraft:birch_planks":3,"minecraft:flint":1,"minecraft:tuff":1,"minecraft:oak_log":11,"jeg:scrap":28,"minecraft:shield":1,"minecraft:string":1,"minecraft:dirt":23,"minecraft:apple":1,"minecraft:wheat_seeds":4,"minecraft:cobbled_deepslate":18,"minecraft:iron_ingot":1,"minecraft:beef":3,"tombstone:bag_of_seeds":1,"jeg:tech_trash":3,"minecraft:birch_sapling":4,"minecraft:oak_planks":3,"minecraft:furnace":3,"minecraft:stick":2,"minecraft:raw_iron":46,"minecraft:cooked_porkchop":3,"minecraft:pumpkin":9,"minecraft:torch":12,"minecraft:gravel":3,"minecraft:porkchop":2,"tombstone:grave_dust":1,"minecraft:white_bed":2,"minecraft:bundle":1,"minecraft:rotten_flesh":21,"minecraft:diamond":3,"tombstone:magic_scroll":1,"minecraft:oak_sapling":1,"minecraft:snowball":16,"minecraft:mutton":2,"minecraft:coal":8,"minecraft:white_wool":2,"minecraft:cobblestone":75},"minecraft:killed_by":{"minecraft:skeleton":2,"minecraft:creeper":1},"minecraft:mined":{"minecraft:tuff":1,"minecraft:white_bed":2,"jeg:scrap_ore":3,"minecraft:deepslate_diamond_ore":3,"minecraft:crafting_table":1,"minecraft:grass_block":6,"minecraft:tall_grass":10,"minecraft:cobblestone":1,"minecraft:lapis_ore":1,"minecraft:oak_planks":1,"jeg:deepslate_scrap_ore":6,"minecraft:furnace":3,"minecraft:birch_log":7,"minecraft:iron_ore":33,"minecraft:andesite":1,"minecraft:pumpkin":9,"minecraft:grass":30,"minecraft:oak_log":11,"minecraft:coal_ore":7,"minecraft:deepslate_iron_ore":14,"minecraft:gravel":3,"minecraft:dirt":13,"minecraft:stone":85,"minecraft:deepslate":8,"minecraft:fern":1},"minecraft:killed":{"minecraft:pig":2,"minecraft:skeleton":1,"minecraft:sheep":2,"minecraft:zombie":14,"minecraft:glow_squid":1,"minecraft:cow":2},"minecraft:broken":{"minecraft:stone_pickaxe":1}},"DataVersion":3465}