{"stats":{"minecraft:used":{"minecraft:cooked_mutton":2,"minecraft:stone_sword":70,"minecraft:birch_planks":5,"minecraft:stone_pickaxe":81,"minecraft:oak_planks":8,"minecraft:wooden_pickaxe":23,"minecraft:shield":11,"minecraft:torch":13,"minecraft:crafting_table":2,"minecraft:wooden_axe":18,"minecraft:apple":1,"minecraft:iron_pickaxe":7,"minecraft:stone_axe":61,"minecraft:cobblestone":1,"minecraft:furnace":3,"tombstone:gift":3,"minecraft:cooked_beef":6,"minecraft:pumpkin":1},"minecraft:dropped":{"minecraft:wheat_seeds":4,"minecraft:rotten_flesh":21,"minecraft:dirt":22,"minecraft:shield":2,"minecraft:torch":24,"tombstone:grave_key":1,"minecraft:iron_chestplate":1,"minecraft:wooden_axe":1,"minecraft:andesite":1,"minecraft:oak_sapling":1,"tombstone:grave_dust":3,"minecraft:wooden_pickaxe":1,"minecraft:white_wool":2},"minecraft:crafted":{"minecraft:cooked_beef":6,"minecraft:oak_planks":42,"minecraft:crafting_table":1,"minecraft:wooden_pickaxe":1,"minecraft:furnace":2,"minecraft:birch_planks":28,"minecraft:stone_axe":1,"minecraft:cooked_mutton":4,"minecraft:air":0,"minecraft:iron_chestplate":2,"minecraft:charcoal":1,"minecraft:shield":2,"minecraft:stick":24,"minecraft:iron_ingot":34,"minecraft:iron_pickaxe":1,"minecraft:stone_pickaxe":3,"minecraft:wooden_axe":1,"minecraft:stone_sword":1,"minecraft:iron_leggings":2,"minecraft:torch":26},"minecraft:custom":{"minecraft:interact_with_furnace":31,"minecraft:mob_kills":22,"minecraft:interact_with_crafting_table":12,"minecraft:leave_game":4,"minecraft:time_since_death":12775,"minecraft:sleep_in_bed":1,"minecraft:time_since_rest":10376,"minecraft:sprint_one_cm":138452,"minecraft:damage_taken":1846,"minecraft:walk_one_cm":174836,"minecraft:damage_blocked_by_shield":360,"minecraft:drop":17,"minecraft:damage_dealt":4633,"minecraft:swim_one_cm":4919,"minecraft:fly_one_cm":99719,"minecraft:crouch_one_cm":96,"minecraft:play_time":62614,"tombstone:undead_killed":15,"minecraft:deaths":4,"minecraft:sneak_time":79,"minecraft:walk_under_water_one_cm":8622,"minecraft:jump":1000,"minecraft:walk_on_water_one_cm":43456,"minecraft:total_world_time":62614,"minecraft:fall_one_cm":15433},"minecraft:picked_up":{"minecraft:birch_log":7,"minecraft:charcoal":1,"minecraft:crafting_table":1,"minecraft:glow_ink_sac":4,"minecraft:andesite":1,"minecraft:leather":3,"minecraft:birch_planks":3,"minecraft:tuff":1,"minecraft:oak_log":11,"jeg:scrap":20,"minecraft:shield":1,"minecraft:dirt":22,"minecraft:apple":1,"minecraft:wheat_seeds":4,"minecraft:cobbled_deepslate":17,"minecraft:iron_ingot":1,"minecraft:beef":3,"tombstone:bag_of_seeds":1,"jeg:tech_trash":3,"minecraft:birch_sapling":4,"minecraft:oak_planks":2,"minecraft:furnace":3,"minecraft:stick":2,"minecraft:raw_iron":28,"minecraft:cooked_porkchop":3,"minecraft:pumpkin":9,"minecraft:torch":12,"minecraft:porkchop":2,"tombstone:grave_dust":1,"minecraft:white_bed":2,"minecraft:bundle":1,"minecraft:rotten_flesh":21,"minecraft:diamond":3,"tombstone:magic_scroll":1,"minecraft:oak_sapling":1,"minecraft:mutton":2,"minecraft:coal":8,"minecraft:white_wool":2,"minecraft:cobblestone":54},"minecraft:killed_by":{"minecraft:skeleton":2,"minecraft:creeper":1},"minecraft:mined":{"minecraft:tuff":1,"minecraft:white_bed":2,"minecraft:deepslate_diamond_ore":3,"minecraft:crafting_table":1,"minecraft:grass_block":6,"minecraft:tall_grass":10,"minecraft:cobblestone":1,"jeg:deepslate_scrap_ore":6,"minecraft:furnace":3,"minecraft:birch_log":7,"minecraft:iron_ore":20,"minecraft:andesite":1,"minecraft:pumpkin":9,"minecraft:grass":30,"minecraft:oak_log":11,"minecraft:coal_ore":7,"minecraft:deepslate_iron_ore":8,"minecraft:dirt":9,"minecraft:stone":52,"minecraft:deepslate":7,"minecraft:fern":1},"minecraft:killed":{"minecraft:pig":2,"minecraft:skeleton":1,"minecraft:sheep":2,"minecraft:zombie":14,"minecraft:glow_squid":1,"minecraft:cow":2}},"DataVersion":3465}