{"stats":{"minecraft:used":{"minecraft:cooked_mutton":4,"minecraft:stone_sword":73,"minecraft:birch_planks":5,"minecraft:stone_pickaxe":147,"minecraft:oak_planks":10,"minecraft:chest":2,"minecraft:wooden_pickaxe":23,"minecraft:shield":13,"minecraft:torch":20,"minecraft:crafting_table":4,"minecraft:white_bed":3,"minecraft:wooden_axe":18,"minecraft:bread":1,"minecraft:apple":1,"minecraft:iron_axe":43,"minecraft:iron_pickaxe":7,"minecraft:iron_helmet":1,"minecraft:iron_boots":1,"minecraft:stone_axe":87,"minecraft:cobblestone":41,"minecraft:furnace":7,"minecraft:cooked_porkchop":2,"tombstone:gift":3,"minecraft:cooked_beef":6,"minecraft:pumpkin":1},"minecraft:dropped":{"minecraft:gravel":3,"minecraft:wheat_seeds":4,"minecraft:tuff":1,"minecraft:iron_helmet":1,"minecraft:cobblestone":4,"minecraft:rotten_flesh":21,"minecraft:iron_boots":1,"minecraft:white_bed":1,"minecraft:dirt":23,"minecraft:shield":2,"minecraft:torch":24,"tombstone:grave_key":1,"minecraft:iron_chestplate":1,"minecraft:wooden_axe":1,"minecraft:andesite":1,"minecraft:oak_sapling":1,"minecraft:snowball":3,"tombstone:grave_dust":3,"minecraft:iron_axe":1,"minecraft:wooden_pickaxe":1,"minecraft:string":1,"jeg:tech_trash":2,"minecraft:white_wool":2},"minecraft:crafted":{"minecraft:cooked_beef":6,"minecraft:oak_planks":42,"minecraft:crafting_table":2,"minecraft:iron_helmet":2,"minecraft:wooden_pickaxe":1,"minecraft:furnace":2,"minecraft:birch_planks":28,"minecraft:stone_axe":1,"minecraft:cooked_mutton":4,"minecraft:air":0,"minecraft:iron_boots":2,"minecraft:iron_chestplate":2,"minecraft:charcoal":1,"minecraft:iron_axe":2,"minecraft:shield":2,"minecraft:stick":24,"minecraft:iron_ingot":70,"minecraft:iron_pickaxe":1,"minecraft:stone_pickaxe":3,"minecraft:wooden_axe":1,"minecraft:stone_sword":1,"minecraft:chest":2,"minecraft:iron_leggings":2,"minecraft:acacia_planks":44,"minecraft:torch":34},"minecraft:custom":{"minecraft:interact_with_furnace":59,"minecraft:mob_kills":22,"minecraft:interact_with_crafting_table":20,"minecraft:leave_game":4,"minecraft:time_since_death":36775,"minecraft:sleep_in_bed":2,"minecraft:time_since_rest":4477,"minecraft:sprint_one_cm":205550,"minecraft:damage_taken":2138,"minecraft:walk_one_cm":221628,"minecraft:damage_blocked_by_shield":600,"minecraft:drop":29,"minecraft:damage_dealt":4633,"minecraft:swim_one_cm":6310,"minecraft:fly_one_cm":136441,"minecraft:open_chest":3,"minecraft:crouch_one_cm":96,"minecraft:play_time":86614,"tombstone:undead_killed":15,"minecraft:deaths":4,"minecraft:sneak_time":118,"minecraft:walk_under_water_one_cm":13847,"minecraft:jump":1443,"minecraft:walk_on_water_one_cm":46940,"minecraft:total_world_time":86614,"minecraft:fall_one_cm":21547},"minecraft:picked_up":{"minecraft:birch_log":7,"minecraft:charcoal":1,"minecraft:crafting_table":2,"minecraft:glow_ink_sac":4,"minecraft:andesite":1,"minecraft:leather":3,"minecraft:birch_planks":3,"minecraft:flint":1,"minecraft:tuff":1,"minecraft:oak_log":11,"jeg:scrap":28,"minecraft:shield":1,"minecraft:cornflower":1,"minecraft:string":1,"minecraft:dirt":23,"minecraft:apple":1,"minecraft:wheat_seeds":4,"minecraft:cobbled_deepslate":18,"minecraft:iron_ingot":1,"minecraft:beef":3,"tombstone:bag_of_seeds":1,"minecraft:acacia_sapling":8,"jeg:tech_trash":5,"minecraft:birch_sapling":4,"minecraft:oak_planks":3,"minecraft:furnace":5,"minecraft:stick":4,"minecraft:raw_iron":46,"minecraft:cooked_porkchop":3,"minecraft:pumpkin":9,"minecraft:stripped_spruce_log":2,"minecraft:acacia_log":33,"minecraft:spruce_sapling":1,"minecraft:torch":12,"minecraft:gravel":3,"minecraft:porkchop":2,"tombstone:grave_dust":1,"minecraft:spruce_log":5,"minecraft:white_bed":5,"minecraft:bundle":1,"minecraft:rotten_flesh":21,"minecraft:diamond":3,"minecraft:hay_block":14,"tombstone:magic_scroll":1,"minecraft:oak_sapling":2,"minecraft:snowball":16,"minecraft:mutton":2,"minecraft:coal":22,"minecraft:white_wool":2,"minecraft:cobblestone":76},"minecraft:killed_by":{"minecraft:skeleton":2,"minecraft:creeper":1},"minecraft:mined":{"minecraft:tuff":1,"minecraft:white_bed":5,"jeg:scrap_ore":3,"minecraft:deepslate_diamond_ore":3,"minecraft:cornflower":1,"minecraft:crafting_table":2,"minecraft:acacia_log":52,"minecraft:grass_block":6,"minecraft:tall_grass":10,"minecraft:cobblestone":1,"minecraft:lapis_ore":1,"minecraft:oak_planks":1,"minecraft:hay_block":6,"jeg:deepslate_scrap_ore":6,"minecraft:stripped_spruce_log":3,"minecraft:furnace":5,"minecraft:spruce_log":5,"minecraft:birch_log":7,"minecraft:iron_ore":33,"minecraft:andesite":1,"minecraft:pumpkin":9,"minecraft:grass":32,"minecraft:oak_log":11,"minecraft:coal_ore":7,"minecraft:deepslate_iron_ore":14,"minecraft:gravel":3,"minecraft:dirt":13,"minecraft:stone":86,"minecraft:oak_leaves":8,"minecraft:deepslate":8,"minecraft:fern":1},"minecraft:killed":{"minecraft:pig":2,"minecraft:skeleton":1,"minecraft:sheep":2,"minecraft:zombie":14,"minecraft:glow_squid":1,"minecraft:cow":2},"minecraft:broken":{"minecraft:stone_pickaxe":1,"minecraft:stone_axe":1}},"DataVersion":3465}