{"stats":{"minecraft:killed_by":{"minecraft:stray":1,"minecraft:creeper":1,"minecraft:skeleton":2},"minecraft:killed":{"minecraft:skeleton":1,"minecraft:pig":3,"minecraft:creeper":1,"minecraft:sheep":2,"minecraft:zombie":23,"minecraft:stray":4,"minecraft:glow_squid":1,"minecraft:cow":5},"minecraft:crafted":{"minecraft:oak_planks":42,"minecraft:furnace":2,"minecraft:cobblestone_stairs":8,"minecraft:cooked_mutton":4,"minecraft:iron_boots":2,"minecraft:iron_axe":2,"minecraft:stone_pickaxe":4,"minecraft:chest":4,"minecraft:wheat":216,"minecraft:cooked_beef":13,"minecraft:crafting_table":2,"minecraft:wooden_pickaxe":1,"minecraft:iron_helmet":2,"minecraft:birch_planks":28,"minecraft:stone_axe":3,"minecraft:bread":72,"minecraft:air":0,"minecraft:iron_chestplate":2,"minecraft:charcoal":1,"minecraft:shield":2,"minecraft:stick":48,"minecraft:iron_ingot":79,"minecraft:iron_pickaxe":1,"minecraft:wooden_axe":1,"minecraft:stone_sword":2,"minecraft:iron_leggings":2,"minecraft:acacia_planks":80,"minecraft:torch":96},"minecraft:mined":{"minecraft:tuff":1,"minecraft:spruce_planks":1,"minecraft:white_bed":5,"minecraft:deepslate_diamond_ore":3,"minecraft:acacia_log":71,"minecraft:grass_block":11,"minecraft:spruce_leaves":1,"minecraft:hay_block":17,"minecraft:furnace":5,"minecraft:iron_ore":33,"minecraft:andesite":1,"minecraft:stripped_spruce_log":3,"minecraft:pumpkin":9,"minecraft:bookshelf":4,"minecraft:deepslate_iron_ore":14,"minecraft:iron_bars":9,"minecraft:stone":122,"jeg:scrap_ore":7,"minecraft:crafting_table":2,"minecraft:cornflower":3,"minecraft:torch":2,"minecraft:tall_grass":14,"minecraft:cobblestone":5,"minecraft:lapis_ore":1,"minecraft:sugar_cane":1,"minecraft:oak_planks":7,"minecraft:wall_torch":1,"jeg:deepslate_scrap_ore":6,"minecraft:birch_log":7,"minecraft:spruce_log":5,"minecraft:grass":36,"minecraft:oak_log":11,"minecraft:coal_ore":36,"minecraft:gravel":3,"minecraft:dirt":15,"minecraft:acacia_planks":3,"minecraft:oak_leaves":8,"minecraft:deepslate":8,"minecraft:fern":1},"minecraft:dropped":{"minecraft:bread":25,"minecraft:magenta_carpet":1,"minecraft:wheat_seeds":4,"minecraft:oak_log":1,"minecraft:iron_helmet":2,"minecraft:cobblestone":6,"minecraft:book":6,"minecraft:spruce_door":2,"minecraft:stick":2,"minecraft:dirt":24,"tombstone:bag_of_seeds":2,"minecraft:torch":53,"minecraft:cornflower":4,"tombstone:grave_key":1,"minecraft:wooden_axe":1,"minecraft:snowball":3,"tombstone:grave_dust":3,"minecraft:potion":1,"minecraft:oak_stairs":1,"minecraft:iron_axe":1,"minecraft:iron_shovel":1,"minecraft:string":1,"minecraft:white_wool":2,"jeg:tech_trash":2,"minecraft:bone":1,"minecraft:gravel":3,"minecraft:sugar_cane":3,"minecraft:tuff":1,"minecraft:rotten_flesh":28,"minecraft:iron_boots":1,"minecraft:white_bed":1,"minecraft:leather_chestplate":1,"minecraft:tipped_arrow":3,"minecraft:shield":3,"minecraft:iron_chestplate":1,"minecraft:andesite":1,"minecraft:oak_sapling":1,"minecraft:iron_bars":6,"minecraft:wooden_pickaxe":1,"minecraft:egg":1},"minecraft:picked_up":{"minecraft:charcoal":1,"minecraft:crafting_table":2,"minecraft:magenta_carpet":1,"minecraft:lead":1,"minecraft:oak_stairs":1,"minecraft:potion":1,"minecraft:shield":1,"minecraft:cornflower":4,"minecraft:string":1,"minecraft:iron_shovel":1,"minecraft:cyan_carpet":2,"minecraft:cobbled_deepslate":18,"minecraft:spruce_planks":1,"minecraft:beef":10,"minecraft:sugar_cane":3,"minecraft:birch_sapling":4,"minecraft:egg":1,"minecraft:furnace":5,"minecraft:tipped_arrow":3,"minecraft:stick":5,"minecraft:raw_iron":46,"minecraft:torch":15,"minecraft:acacia_log":51,"minecraft:porkchop":3,"tombstone:grave_dust":6,"minecraft:arrow":5,"minecraft:rotten_flesh":40,"minecraft:hay_block":24,"minecraft:leather_horse_armor":1,"minecraft:mutton":2,"minecraft:iron_bars":16,"minecraft:cobblestone":116,"minecraft:snowball":16,"minecraft:white_wool":2,"minecraft:birch_log":7,"minecraft:leather_chestplate":1,"minecraft:glow_ink_sac":4,"minecraft:andesite":1,"minecraft:leather":4,"minecraft:birch_planks":3,"minecraft:flint":1,"minecraft:tuff":1,"minecraft:oak_log":18,"jeg:scrap":38,"minecraft:gunpowder":5,"minecraft:dirt":30,"tombstone:gift":1,"minecraft:leather_boots":1,"minecraft:bone":4,"minecraft:acacia_planks":1,"minecraft:apple":1,"minecraft:bow":1,"minecraft:wheat_seeds":4,"jeg:atlantean_spear":1,"minecraft:iron_ingot":7,"tombstone:bag_of_seeds":3,"jeg:tech_trash":7,"minecraft:acacia_sapling":11,"minecraft:oak_planks":6,"minecraft:book":12,"minecraft:cooked_porkchop":3,"minecraft:pumpkin":9,"minecraft:gravel":3,"minecraft:stripped_spruce_log":2,"minecraft:spruce_sapling":1,"minecraft:white_bed":6,"minecraft:spruce_log":5,"minecraft:spruce_door":2,"minecraft:bundle":1,"minecraft:diamond_shovel":1,"minecraft:diamond":3,"minecraft:stone_axe":2,"minecraft:iron_helmet":1,"minecraft:painting":1,"tombstone:magic_scroll":1,"minecraft:oak_sapling":2,"minecraft:bricks":2,"minecraft:coal":51},"minecraft:broken":{"minecraft:stone_pickaxe":1,"minecraft:stone_axe":1},"minecraft:custom":{"minecraft:mob_kills":40,"minecraft:interact_with_crafting_table":31,"minecraft:bell_ring":1,"minecraft:eat_cake_slice":1,"minecraft:leave_game":5,"minecraft:time_since_death":10188,"minecraft:climb_one_cm":1779,"minecraft:sprint_one_cm":592572,"minecraft:walk_one_cm":448867,"minecraft:damage_blocked_by_shield":1356,"minecraft:drop":64,"minecraft:play_time":184809,"minecraft:deaths":5,"minecraft:sneak_time":198,"minecraft:walk_under_water_one_cm":18293,"minecraft:jump":2493,"minecraft:walk_on_water_one_cm":52057,"minecraft:total_world_time":184809,"minecraft:interact_with_furnace":70,"minecraft:sleep_in_bed":9,"minecraft:time_since_rest":400,"minecraft:damage_taken":3047,"minecraft:damage_dealt":8999,"minecraft:swim_one_cm":17735,"minecraft:fly_one_cm":271328,"minecraft:open_chest":66,"minecraft:crouch_one_cm":246,"tombstone:undead_killed":28,"minecraft:fall_one_cm":36770},"minecraft:used":{"minecraft:stone_sword":88,"minecraft:spruce_planks":1,"minecraft:chest":4,"minecraft:shield":33,"minecraft:torch":65,"minecraft:dirt":3,"minecraft:wooden_axe":18,"minecraft:iron_axe":45,"minecraft:iron_helmet":1,"minecraft:iron_boots":1,"minecraft:bow":2,"minecraft:furnace":7,"tombstone:gift":5,"minecraft:cooked_beef":6,"minecraft:acacia_planks":29,"minecraft:pumpkin":1,"minecraft:cooked_mutton":4,"minecraft:cobblestone_stairs":4,"minecraft:birch_planks":5,"minecraft:stone_pickaxe":232,"minecraft:oak_planks":10,"minecraft:wooden_pickaxe":23,"minecraft:crafting_table":4,"minecraft:white_bed":4,"minecraft:apple":1,"minecraft:bread":25,"minecraft:iron_pickaxe":7,"minecraft:stone_axe":241,"minecraft:cobblestone":48,"minecraft:cooked_porkchop":3}},"DataVersion":3465}