{"stats":{"minecraft:custom":{"minecraft:jump":23,"minecraft:time_since_rest":3342,"minecraft:damage_dealt":131,"minecraft:sprint_one_cm":11063,"minecraft:leave_game":1,"minecraft:play_time":3342,"minecraft:damage_taken":44,"minecraft:time_since_death":3342,"minecraft:walk_one_cm":13754,"minecraft:total_world_time":3342,"minecraft:fall_one_cm":404,"minecraft:fly_one_cm":2712},"minecraft:picked_up":{"minecraft:beef":2,"minecraft:pumpkin":6,"minecraft:leather":1,"minecraft:wheat_seeds":3},"minecraft:mined":{"minecraft:tall_grass":7,"minecraft:grass":26,"minecraft:pumpkin":6}},"DataVersion":3465}