{"stats":{"minecraft:used":{"minecraft:stone_pickaxe":62,"minecraft:shield":4,"minecraft:wooden_pickaxe":23,"minecraft:torch":7,"minecraft:crafting_table":2,"minecraft:wooden_axe":17,"minecraft:apple":1,"minecraft:stone_axe":32,"minecraft:cobblestone":1,"minecraft:furnace":3,"minecraft:cooked_beef":2},"minecraft:dropped":{"minecraft:shield":2,"minecraft:torch":24,"minecraft:white_wool":2},"minecraft:crafted":{"minecraft:cooked_beef":6,"minecraft:oak_planks":10,"minecraft:crafting_table":1,"minecraft:wooden_pickaxe":1,"minecraft:furnace":2,"minecraft:birch_planks":28,"minecraft:stone_axe":1,"minecraft:cooked_mutton":4,"minecraft:air":0,"minecraft:charcoal":1,"minecraft:shield":2,"minecraft:stick":24,"minecraft:iron_ingot":2,"minecraft:stone_pickaxe":3,"minecraft:wooden_axe":1,"minecraft:stone_sword":1,"minecraft:torch":22},"minecraft:custom":{"minecraft:interact_with_furnace":28,"minecraft:mob_kills":9,"minecraft:interact_with_crafting_table":7,"minecraft:leave_game":1,"minecraft:time_since_death":27342,"minecraft:sleep_in_bed":1,"minecraft:time_since_rest":6806,"minecraft:sprint_one_cm":57523,"minecraft:damage_taken":219,"minecraft:walk_one_cm":99637,"minecraft:damage_blocked_by_shield":120,"minecraft:drop":6,"minecraft:damage_dealt":1715,"minecraft:fly_one_cm":15974,"minecraft:crouch_one_cm":96,"minecraft:play_time":27342,"tombstone:undead_killed":3,"minecraft:sneak_time":24,"minecraft:walk_under_water_one_cm":534,"minecraft:jump":335,"minecraft:walk_on_water_one_cm":12268,"minecraft:total_world_time":27342,"minecraft:fall_one_cm":4282},"minecraft:picked_up":{"minecraft:birch_log":7,"minecraft:charcoal":1,"minecraft:crafting_table":1,"minecraft:andesite":1,"minecraft:leather":3,"minecraft:birch_planks":3,"minecraft:oak_log":11,"minecraft:shield":1,"minecraft:dirt":9,"minecraft:apple":1,"minecraft:wheat_seeds":3,"minecraft:beef":3,"minecraft:iron_ingot":1,"minecraft:birch_sapling":4,"minecraft:furnace":3,"minecraft:stick":2,"minecraft:raw_iron":20,"minecraft:cooked_porkchop":3,"minecraft:pumpkin":8,"minecraft:torch":12,"minecraft:porkchop":2,"tombstone:grave_dust":1,"minecraft:white_bed":1,"minecraft:rotten_flesh":3,"minecraft:oak_sapling":1,"minecraft:mutton":2,"minecraft:coal":7,"minecraft:white_wool":2,"minecraft:cobblestone":54},"minecraft:mined":{"minecraft:white_bed":1,"minecraft:crafting_table":1,"minecraft:grass_block":2,"minecraft:cobblestone":1,"minecraft:tall_grass":9,"minecraft:furnace":3,"minecraft:birch_log":7,"minecraft:iron_ore":20,"minecraft:andesite":1,"minecraft:pumpkin":8,"minecraft:grass":30,"minecraft:oak_log":11,"minecraft:coal_ore":6,"minecraft:stone":52,"minecraft:fern":1},"minecraft:killed":{"minecraft:pig":2,"minecraft:skeleton":1,"minecraft:sheep":2,"minecraft:zombie":2,"minecraft:cow":2}},"DataVersion":3465}